states,flag,Avg0,SD0,frust0,Avg1,SD1,frust1,Avg2,SD2,frust2
'0110',1,0.37586666666666674,0.004203437746522359,0.0,0.37503333333333333,0.001426728970602186,0.0,0.3085,0.0031968734726291635,0.0
'1001',1,0.3739666666666667,0.00283352940498044,0.0,0.3721666666666667,0.004855466564147615,0.0,0.32023333333333337,0.005877830287520135,0.0
'0010',1,0.12753333333333333,0.0011897712198383115,0.3333333333333333,0.12369999999999999,0.0015121728296284985,0.3333333333333333,0.1838,0.0013952299690970953,0.3333333333333333
'1101',1,0.12263333333333333,0.0015797327481430407,0.3333333333333333,0.1291,0.0033025242870668983,0.3333333333333333,0.18746666666666667,0.004959390643572615,0.3333333333333333
