states,Avg0,SD0,frust0,Avg1,SD1,frust1,Avg2,SD2,frust2
'1100',0.09526666666666667,0.0012283683848458879,0.3333333333333333,0.09586666666666667,0.004419150245113745,0.3333333333333333,0.13643333333333332,0.003296799795087484,0.3333333333333333
'0011',0.0921,0.002491318258807309,0.3333333333333333,0.09079999999999999,0.0012754084313139366,0.3333333333333333,0.13760000000000003,0.0034477045503735777,0.3333333333333333
'0110',0.31393333333333334,0.005197649041206555,0.0,0.3149666666666666,0.0022291004663067358,0.0,0.24636666666666665,0.002735365098523817,0.0
'0010',0.0916,0.0034292856398964486,0.3333333333333333,0.09416666666666666,0.0017987650084309345,0.3333333333333333,0.1173,0.0014445299120013641,0.3333333333333333
'1001',0.3136666666666667,0.0016418147141366412,0.0,0.3109,0.0006480740698407832,0.0,0.24993333333333334,0.0009463379711052261,0.0
'1101',0.09343333333333333,0.00116141675934562,0.3333333333333333,0.0933,0.0004082482904638634,0.3333333333333333,0.11236666666666667,0.001442990721460893,0.3333333333333333
