states,Avg0,SD0,frust0,Avg1,SD1,frust1,Avg2,SD2,frust2
'1101',0.2261,0.0005656854249492412,0.14285714285714285,0.2281333333333333,0.0021312489817527746,0.14285714285714285,0.24786666666666668,0.0037747700445045465,0.14285714285714285
'0010',0.2310333333333333,0.0015520595635763745,0.14285714285714285,0.22853333333333334,0.001883849486792642,0.14285714285714285,0.25383333333333336,0.0014290634073484021,0.14285714285714285
'0110',0.14766666666666664,0.0016357125528513726,0.14285714285714285,,,,0.2484333333333333,0.0034988887124660227,0.14285714285714285
'1001',0.14770000000000003,0.003889301565405631,0.14285714285714285,,,,0.24986666666666668,0.005647615032520846,0.14285714285714285
'1000',0.12383333333333334,0.00388615777114391,0.2857142857142857,0.2742,0.0008286535263104016,0.2857142857142857,,,
'0111',0.12366666666666666,0.002383741223837483,0.2857142857142857,0.26913333333333334,0.003738389433373071,0.2857142857142857,,,
