states,Avg0,SD0,frust0,Avg1,SD1,frust1,Avg2,SD2,frust2
'0010',0.1255,0.00122474487139159,0.2857142857142857,0.12143333333333332,0.0016739839372652916,0.2857142857142857,0.1471,0.0020542638584174107,0.2857142857142857
'0011',0.09453333333333334,0.003987759047663518,0.42857142857142855,0.0936,0.0016872067646458366,0.42857142857142855,0.09723333333333332,0.0009741092797468285,0.42857142857142855
'1001',0.28150000000000003,0.0025019992006393506,0.0,0.28140000000000004,0.00428096562315873,0.0,0.26049999999999995,0.0030430248109405925,0.0
'0110',0.28519999999999995,0.002409702609590386,0.0,0.2828333333333333,0.003184685576665662,0.0,0.25930000000000003,0.0038944404818492873,0.0
'1101',0.1225,0.000294392028877597,0.2857142857142857,0.1262,0.003082207001484491,0.2857142857142857,0.14333333333333334,0.0036261396675926383,0.2857142857142857
'1100',0.09076666666666666,0.0018190351532856334,0.42857142857142855,0.09453333333333334,0.0004189935029992188,0.42857142857142855,0.09253333333333334,0.0004189935029992188,0.42857142857142855
