states,Avg0,SD0,frust0,Avg1,SD1,frust1,Avg2,SD2,frust2
'0001',0.37493333333333334,0.00194821855949367,0.14285714285714285,0.3744,0.0005715476066494133,0.14285714285714285,0.32653333333333334,0.0004921607686744376,0.14285714285714285
'1110',0.3749,0.0030011109054259785,0.14285714285714285,0.3756333333333333,0.0020270394394014454,0.14285714285714285,0.33249999999999996,0.002485960578931214,0.14285714285714285
'0101',0.12346666666666667,0.0031169785940162553,0.42857142857142855,0.12290000000000001,0.0020992061991778384,0.42857142857142855,0.17326666666666668,0.002389328124994323,0.42857142857142855
'1010',0.1267,0.0010614455552060446,0.42857142857142855,0.12706666666666666,0.002392116682401214,0.42857142857142855,0.1677,0.0005099019513592786,0.42857142857142855
