states,Avg0,SD0,frust0,Avg1,SD1,frust1,Avg2,SD2,frust2
'0110',0.3829666666666667,0.00424604391038163,0.0,0.49923333333333336,0.00298030572630096,0.0,0.38843333333333335,0.0027788886667555134,0.0
'1101',0.11580000000000001,0.00265455583227527,0.3333333333333333,,,,0.11243333333333333,0.004386595744107523,0.3333333333333333
'1001',0.3858,0.003187475490101835,0.0,0.5007666666666667,0.0029803057263009373,0.0,0.38223333333333337,0.003143600200760616,0.0
'0010',0.11543333333333333,0.003431552936434984,0.3333333333333333,,,,0.1169,0.0006377042156569651,0.3333333333333333
