states,flag,Avg0,SD0,frust0
'000011001011',1,0.25029999999999997,0.002177154105707729,0.25925925925925924
'110100110100',1,0.24910000000000002,0.005283937925449168,0.2962962962962963
'111100110100',1,0.2477666666666667,0.0055029285132756536,0.25925925925925924
'001011001011',1,0.25283333333333335,0.0016336734339790476,0.2962962962962963
