states,flag,Avg0,SD0,frust0
'001011001011',1,0.06586666666666667,0.0014383632673594293,0.2962962962962963
'000101011000',1,0.06946666666666666,0.0018856180831641283,0.18518518518518517
'110010100111',1,0.18583333333333332,0.004534558657931574,0.14814814814814814
'000011001011',1,0.1798,0.003252691193458127,0.25925925925925924
'001101011000',1,0.18746666666666667,0.001053037933262091,0.14814814814814814
'111010100111',1,0.06783333333333334,0.0031137687061751286,0.18518518518518517
'110100110100',1,0.06799999999999999,0.0026127890589687248,0.2962962962962963
'111100110100',1,0.17573333333333332,0.0030575952787916406,0.25925925925925924
