states,flag,Avg0,SD0,frust0
'111000110110',1,0.11739999999999999,0.002362202362203545,0.25925925925925924
'000010001111',1,0.11536666666666666,0.0023570226039551605,0.2962962962962963
'111101110000',1,0.11796666666666666,0.003816047984790314,0.2962962962962963
'110000100111',1,0.13643333333333332,0.002641127705272031,0.18518518518518517
'001111011000',1,0.1308,0.0006976149845485477,0.18518518518518517
'110101100001',1,0.12986666666666666,0.0037809463835864645,0.2962962962962963
'001010011110',1,0.13366666666666666,0.0028755675768252905,0.2962962962962963
'000111001001',1,0.1185,0.000711805216802091,0.25925925925925924
