states,Avg0,SD0,frust0
'000011001011',0.25916666666666666,0.0013123346456686365,0.25925925925925924
'001011001011',0.2479,0.004276291227999653,0.2962962962962963
'110100110100',0.24826666666666666,0.0016739839372653042,0.2962962962962963
'111100110100',0.24466666666666667,0.0020237478982214124,0.25925925925925924
