states,flag,Avg0,SD0,frust0
'111000110110',1,0.2334333333333333,0.001357284871433488,0.25925925925925924
'110000100111',1,0.268,0.0018384776310850243,0.18518518518518517
'000111001001',1,0.23306666666666667,0.0032622419012424964,0.25925925925925924
'001111011000',1,0.2655,0.002728858125052798,0.18518518518518517
