states,Avg0,SD0,frust0
'110010100111',0.13373333333333332,0.004124991582482993,0.14814814814814814
'111010100111',0.11969999999999999,0.0020832666655999656,0.18518518518518517
'000101111000',0.11413333333333332,0.0033559234529741927,0.2222222222222222
'001101111000',0.13196666666666668,0.003556527644893112,0.18518518518518517
'000101011000',0.1174,0.001823915202707259,0.18518518518518517
'111010000111',0.11820000000000001,0.0057913728942281,0.2222222222222222
'001101011000',0.13356666666666664,0.0016499158227686124,0.14814814814814814
'110010000111',0.1313,0.0034765883660086375,0.18518518518518517
