states,Avg0,SD0,frust0
'000011001011',0.13393333333333332,0.0029510826638521866,0.25925925925925924
'001101011000',0.25096666666666667,0.0029488227406128643,0.14814814814814814
'110010100111',0.24846666666666664,0.002289589968143243,0.14814814814814814
'111100110100',0.13806666666666667,0.0013888444437333161,0.25925925925925924
'001100011100',0.11353333333333333,0.0010208928554075669,0.25925925925925924
'110011100011',0.11503333333333332,0.0017613126418163844,0.25925925925925924
