states,flag,Avg0,SD0,frust0
'110000000111',0,0.25003333333333333,0.0012814921857827522,0.2222222222222222
'001111011000',0,0.2467,0.0034322004603461105,0.18518518518518517
'110000100111',0,0.2515,0.003963163719387155,0.18518518518518517
'001111111000',0,0.2517333333333333,0.0030652170486860485,0.2222222222222222
'000111001001',0,,,0.25925925925925924
