states,Avg0,SD0,frust0
'111010100111',0.13403333333333334,0.0030070288030250468,0.18518518518518517
'110010110110',0.11609999999999998,0.0027820855486487116,0.3333333333333333
'001101011000',0.13536666666666666,0.0007760297817881929,0.14814814814814814
'001101001001',0.1201,0.00021602468994692415,0.3333333333333333
'111010110110',0.11523333333333334,0.0021044925490219433,0.2962962962962963
'000101011000',0.1311,0.00217408984788271,0.18518518518518517
'000101001001',0.11599999999999999,0.001314026889628466,0.2962962962962963
'110010100111',0.13206666666666667,0.0013097921802925707,0.14814814814814814
