states,Avg0,SD0,frust0
'111100110100',0.23256666666666667,0.0018803073034893943,0.25925925925925924
'000011001011',0.2331,0.0009092121131323941,0.25925925925925924
'110010100111',0.2648666666666667,0.0016131404843417203,0.14814814814814814
'001101011000',0.26943333333333336,0.0027010286106510634,0.14814814814814814
'000101001000',,,0.3333333333333333
