states,Avg0,SD0,frust0
'001111011000',0.14609999999999998,0.003766519171153482,0.18518518518518517
'111000110111',0.14326666666666665,0.002098147330914159,0.2962962962962963
'111101110001',0.1059,0.0019646882704388493,0.3333333333333333
'110101100001',0.1072,0.002570343686487603,0.2962962962962963
'110000100111',0.144,0.0018708286933869723,0.18518518518518517
'000111001000',0.13986666666666667,0.0005249338582674561,0.2962962962962963
'001010011110',0.1082,0.0004082482904638634,0.2962962962962963
'000010001110',0.10546666666666667,0.0013523641850067185,0.3333333333333333
