states,Avg0,SD0,frust0
'110010100111',0.25486666666666663,0.0013224556283251577,0.14814814814814814
'001101011000',0.24536666666666665,0.000601849002842262,0.14814814814814814
'000011001011',0.25243333333333334,0.00038586123009300816,0.25925925925925924
'111100110100',0.24733333333333332,0.0006944222218666584,0.25925925925925924
