states,flag,Avg0,SD0,frust0
'001101011000',1,0.2593666666666667,0.002245489305746574,0.14814814814814814
'111010100111',0,0.12063333333333333,0.0006548960901462795,0.18518518518518517
'000101001000',0,0.11869999999999999,0.0010801234497346444,0.3333333333333333
'110010100111',1,0.2632333333333333,0.000928559218478952,0.14814814814814814
'111010110111',0,0.12056666666666667,0.0016937794687883361,0.3333333333333333
'000101011000',0,0.1175,0.001283225103661346,0.18518518518518517
