states,flag,Avg0,SD0,frust0
'001010011110',1,0.1058,0.003432200460346102,0.2962962962962963
'000111001001',1,0.14223333333333332,0.002013840995599097,0.25925925925925924
'110101100001',1,0.10706666666666666,0.0014817407180595266,0.2962962962962963
'110000100111',1,0.2466,0.00021602468994693058,0.18518518518518517
'111000110110',1,0.14523333333333333,0.0031094837013383586,0.25925925925925924
'001111011000',1,0.25306666666666666,0.0023683092891108926,0.18518518518518517
