states,flag,Avg0,SD0,frust0
'110010000111',0,0.12636666666666665,0.0007717224601860156,0.18518518518518517
'111100110100',0,0.12113333333333333,0.0019482185594936609,0.25925925925925924
'001101111000',0,0.1277,0.00291318840219212,0.18518518518518517
'000011001011',0,0.12209999999999999,0.004852490769354092,0.25925925925925924
'111100010100',0,0.12136666666666666,0.0028170118131728753,0.37037037037037035
'110010100111',0,0.13166666666666668,0.0014884742374510706,0.14814814814814814
'000011101011',0,0.1201,0.0013880441875771343,0.37037037037037035
'001101011000',0,0.12956666666666666,0.002145279054627215,0.14814814814814814
