states,Avg0,SD0,frust0
'110010000111',0.12346666666666667,0.001592342788332831,0.18518518518518517
'111010100111',0.12566666666666668,0.0033008416435139046,0.18518518518518517
'110010100111',0.12483333333333334,0.00264491125665032,0.14814814814814814
'111010000111',0.1273,0.0007788880963698553,0.2222222222222222
'000101111000',0.12393333333333333,0.003171049598406738,0.2222222222222222
'001101111000',0.1235,0.003262923024937402,0.18518518518518517
'000101011000',0.12446666666666667,0.004403281604540966,0.18518518518518517
'001101011000',0.12683333333333333,0.0014522013940527962,0.14814814814814814
