states,Avg0,SD0,frust0
'000101011000',0.08166666666666667,0.002295406040091579,0.18518518518518517
'110010100111',0.25456666666666666,0.0021913973218524786,0.14814814814814814
'000101001001',0.16763333333333333,0.0024580932086115522,0.2962962962962963
'001101011000',0.25420000000000004,0.0009933109617167508,0.14814814814814814
'111010110110',0.16086666666666669,0.002882514334550464,0.2962962962962963
'111010100111',0.08106666666666668,0.0021296843793284395,0.18518518518518517
