states,Avg0,SD0,frust0
'001101011000',0.2554,0.005486954224947276,0.14814814814814814
'111010100111',0.24523333333333333,0.005165483735549083,0.18518518518518517
'110010100111',0.24880000000000002,0.0031272991542223697,0.14814814814814814
'000101011000',0.25056666666666666,0.006141841924229432,0.18518518518518517
