states,flag,Avg0,SD0,frust0
'110010100111',1,0.2469,0.004742010825237189,0.14814814814814814
'001101011000',1,0.24873333333333333,0.0020154955277108073,0.14814814814814814
'000101011000',1,0.2511333333333334,0.0032765157645821864,0.18518518518518517
'111010100111',1,0.25323333333333337,0.004921607686744471,0.18518518518518517
