states,Avg0,SD0,frust0
'110000110110',0.12293333333333334,0.0019154343864744823,0.2962962962962963
'001111001001',0.12676666666666667,0.004206608557443344,0.2962962962962963
'000111001001',0.12703333333333333,0.0008339997335464605,0.25925925925925924
'001111101001',0.12746666666666667,0.0014659088951530738,0.3333333333333333
'110000010110',0.12270000000000002,0.003216623488483954,0.3333333333333333
'000111101001',0.12176666666666668,0.0029769484749021524,0.2962962962962963
'111000110110',0.12576666666666667,0.002286676384818997,0.25925925925925924
'111000010110',0.12556666666666666,0.002595294887976228,0.2962962962962963
