states,flag,Avg0,SD0,frust0
'10100',1,0.09349999999999999,0.0027288581250527934,0.3
'00110',1,0.0938,0.0017720045146669336,0.4
'11001',1,0.09026666666666668,0.00277648858972784,0.4
'00011',1,0.1562,0.003721110945224108,0.1
'10001',1,0.15806666666666666,0.0022881336402307407,0.2
'11100',1,0.16063333333333332,0.0032396844839514124,0.1
'01011',1,0.09213333333333333,0.0013021349989749704,0.3
'01110',1,0.1554,0.0025781130050226086,0.2
