states,Avg0,SD0,frust0
'00010',0.5034333333333333,0.004598792111945154,0.3
'11101',0.49656666666666666,0.004598792111945138,0.3
