states,flag,Avg0,SD0,frust0
'01110',1,0.24873333333333333,0.0035537148012873697,0.2
'11100',1,0.25183333333333335,0.0008013876853447703,0.1
'00011',1,0.2499,0.000748331477354775,0.1
'10001',1,0.2495333333333333,0.0035873233599564023,0.2
