states,Avg0,SD0,frust0
'11100',0.49793333333333334,0.0013572848714334775,0.1
'00011',0.5020666666666667,0.0013572848714335194,0.1
