states,Avg0,SD0,frust0
'11101',0.4972666666666667,0.004840339749324274,0.3
'00010',0.5027333333333334,0.004840339749324296,0.3
