states,Avg0,SD0,frust0
'11101',0.4991999999999999,0.006318227599572546,0.3
'00010',0.5008,0.006318227599572509,0.3
