states,Avg0,SD0,frust0
'10101',0.18689999999999998,0.002871701005791971,0.3
'00011',0.31616666666666665,0.004832068800098855,0.1
'11100',0.31116666666666665,0.0027378012264508028,0.1
'01010',0.18576666666666666,0.0036160137659521693,0.3
