states,Avg0,SD0,frust0
'00010',0.24736666666666665,0.0008730533902472483,0.3
'01110',0.2508333333333333,0.0008339997335464557,0.2
'10001',0.25279999999999997,0.0031315597817488227,0.2
'11101',0.249,0.0019200694431886216,0.3
