states,Avg0,SD0,frust0
'00011',0.4991333333333334,0.005983495819520748,0.1
'11100',0.5008666666666667,0.005983495819520728,0.1
