states,flag,Avg0,SD0,frust0
'10001',1,0.25306666666666666,0.004305293898859357,0.2
'00110',1,0.08733333333333333,0.0016499158227686072,0.4
'00011',1,0.16,0.00325678778348646,0.1
'11100',1,0.16416666666666666,0.0011556623882239844,0.1
'01110',1,0.24386666666666668,0.0009843215373488872,0.2
'11001',1,0.09156666666666667,0.0019601587237318835,0.4
