states,flag,Avg0,SD0,frust0
'00011',1,0.49720000000000003,0.0020314198646923494,0.1
'11100',1,0.5028,0.002031419864692309,0.1
