states,flag,Avg0,SD0,frust0
'11100',1,0.5043666666666666,0.003449959742116149,0.1
'00011',1,0.4956333333333333,0.003449959742116149,0.1
