states,Avg0,SD0,frust0
'10001',0.13076666666666667,0.0028241026106633517,0.2
'00110',0.0931,0.001416568624058385,0.4
'10101',0.1174,0.0018672618098881202,0.3
'00010',0.16223333333333334,0.001798765008430945,0.3
'11101',0.16143333333333335,0.0007586537784494051,0.3
'01110',0.12793333333333334,0.0035910382280832922,0.2
'01010',0.1164,0.001283225103661341,0.3
'11001',0.09073333333333333,0.001265789169736498,0.4
