states,Avg0,SD0,frust0
'00011',0.2586333333333333,0.003662725154247244,0.1
'01110',0.0932,0.0018457157599876177,0.2
'11100',0.26066666666666666,0.0058817986666967375,0.1
'01010',0.05963333333333334,0.0005312459150169752,0.3
'10101',0.05736666666666667,0.0014383632673594263,0.3
'10100',0.0906,0.001986621923433513,0.3
'01011',0.0862,0.002596150997149434,0.3
'10001',0.0937,0.0020396078054371143,0.2
