states,Avg0,SD0,frust0
'01010',0.146,0.002122891110412092,0.3
'11100',0.2589333333333333,0.0024567367696917493,0.1
'10001',0.09406666666666667,0.002451303508113363,0.2
'00011',0.25406666666666666,0.004296768811819191,0.1
'01110',0.09913333333333334,0.0010873004286866713,0.2
'10101',0.14780000000000001,0.002122891110412083,0.3
