states,flag,Avg0,SD0,frust0
'00011',1,0.5017333333333334,0.005443242497711169,0.1
'11100',1,0.49826666666666664,0.005443242497711165,0.1
