states,flag,Avg0,SD0,frust0
'00011',1,0.25020000000000003,0.0013366625103842318,0.1
'10001',1,0.10116666666666667,0.0024239545283597126,0.2
'01110',1,0.107,0.0016062378404209014,0.2
'10101',1,0.14726666666666668,0.0018116904322268241,0.3
'01010',1,0.14470000000000002,0.0017378147196982806,0.3
'11100',1,0.24966666666666662,0.006108100268404962,0.1
