states,flag,Avg0,SD0,frust0
'10101',1,0.18596666666666664,0.00436221146769491,0.3
'00011',1,0.3111333333333333,0.003399346342395193,0.1
'11100',1,0.31343333333333334,0.003937286149395572,0.1
'01010',1,0.18946666666666667,0.0032724438710066326,0.3
