states,Avg0,SD0,frust0
'00011',0.49709999999999993,0.0034127212992957033,0.1
'11100',0.5029,0.0034127212992957545,0.1
