states,flag,Avg0,SD0,frust0
'10101',1,0.11396666666666666,0.0010338708279513831,0.3
'01010',1,0.1149,0.0021181753153756365,0.3
'11100',1,0.2526,0.0019200694431886374,0.1
'10001',1,0.13406666666666667,0.0024280765135299156,0.2
'00011',1,0.25156666666666666,0.007074052743811166,0.1
'01110',1,0.1329,0.002765260686927476,0.2
