states,flag,Avg0,SD0,frust0
'01110',1,0.25156666666666666,0.002641127705272033,0.2
'00011',1,0.24966666666666668,0.001053037933262088,0.1
'11100',1,0.24836666666666665,0.0013719410418170993,0.1
'10001',1,0.2504,0.00182391520270727,0.2
