states,flag,Avg0,SD0,frust0
'11100',1,0.49853333333333333,0.0019258475767538975,0.1
'00011',1,0.5014666666666667,0.0019258475767539214,0.1
