states,Avg0,SD0,frust0
'11100',0.5014,0.0014988884770611118,0.1
'00011',0.4986,0.0014988884770611474,0.1
