states,flag,Avg0,SD0,frust0
'00011',1,0.5001333333333333,0.005641709748727682,0.1
'11100',1,0.4998666666666667,0.005641709748727696,0.1
