states,Avg0,SD0,frust0
'00011',0.1884333333333333,0.0012364824660660904,0.1
'11001',0.06913333333333334,0.002329997615640173,0.4
'11100',0.18460000000000001,0.003522309848191475,0.1
'10100',0.15159999999999998,0.0006164414002968988,0.3
'01011',0.15236666666666665,0.0015923427883328197,0.3
'00110',0.07010000000000001,0.0016673332000533073,0.4
'01110',0.0934,0.001392838827718411,0.2
'10001',0.09036666666666666,0.0018263503375736932,0.2
