states,flag,Avg0,SD0,frust0
'11100',1,0.25856666666666667,0.004553631029799796,0.1
'00011',1,0.2607,0.0030865298745786805,0.1
'01110',1,0.09426666666666667,0.002295406040091579,0.2
'01010',1,0.14346666666666666,0.0016438437341250625,0.3
'10001',1,0.09593333333333336,0.002379542439676633,0.2
'10101',1,0.14706666666666665,0.0011728408057172823,0.3
