states,Avg0,SD0,frust0
'10100',0.1226,0.0025139610179953083,0.3
'00110',0.12563333333333335,0.0021699974398346426,0.4
'11100',0.12423333333333335,0.003168946547706701,0.1
'00011',0.12413333333333333,0.0030922843048824303,0.1
'11001',0.12546666666666664,0.002623398982660131,0.4
'10001',0.12473333333333332,0.001369509238944936,0.2
'01011',0.12916666666666665,0.0008219218670625312,0.3
'01110',0.12403333333333333,0.0011614167593456265,0.2
