states,Avg0,SD0,frust0
'10001',0.12343333333333333,0.0011897712198383167,0.2
'11001',0.12496666666666667,0.0024115462996914575,0.4
'10101',0.12710000000000002,0.0020049937655763415,0.3
'01010',0.12683333333333333,0.004095797304012436,0.3
'00110',0.12293333333333334,0.002572072229848051,0.4
'01110',0.12656666666666666,0.0021791945504908137,0.2
'11100',0.12383333333333334,0.004415377170248942,0.1
'00011',0.12433333333333334,0.004061472092179826,0.1
