states,Avg0,SD0,frust0
'11100',0.4966333333333333,0.006669499398172411,0.1
'00011',0.5033666666666666,0.006669499398172405,0.1
