states,flag,Avg0,SD0,frust0
'10101',1,0.15086666666666668,0.0017249798710580815,0.3
'01110',1,0.09763333333333334,0.004120140234938075,0.2
'11101',1,0.24956666666666663,0.006302027892318111,0.3
'01010',1,0.15006666666666665,0.0024553795814270525,0.3
'00010',1,0.24993333333333334,0.005596030339048879,0.3
'10001',1,0.10193333333333333,0.0016759740119968722,0.2
