states,Avg0,SD0,frust0
'11100',0.25133333333333335,0.006182412330330475,0.1
'10100',0.1154,0.0010424330514074607,0.3
'10001',0.1342,0.0019200694431886264,0.2
'01011',0.1163,0.0009626352718795745,0.3
'00011',0.24783333333333335,0.004795368135561186,0.1
'01110',0.13493333333333335,0.004020226638166336,0.2
