states,Avg0,SD0,frust0
'11100',0.15966666666666668,0.0007408703590297664,0.1
'11001',0.08746666666666668,0.0026195843605851346,0.4
'10001',0.24963333333333335,0.0041994708661396325,0.2
'00110',0.08743333333333332,0.002369716344956829,0.4
'00011',0.1616,0.0019131126469708914,0.1
'01110',0.25420000000000004,0.0037157323190276583,0.2
