states,Avg0,SD0,frust0
'11100',0.2653333333333333,0.007133177568392794,0.1
'01110',0.2359,0.0026620793877468567,0.2
'00011',0.2637,0.00951875341978489,0.1
'10001',0.23506666666666667,0.0033008416435139046,0.2
