states,Avg0,SD0,frust0
'11100',0.5043666666666666,0.003449959742116149,0.1
'00011',0.4956333333333333,0.003449959742116149,0.1
