states,flag,Avg0,SD0,frust0
'01110',1,0.10453333333333333,0.0029634814361190484,0.2
'01011',1,0.14213333333333333,0.0020499322482029035,0.3
'10100',1,0.1461,0.0014696938456699037,0.3
'00011',1,0.25133333333333335,0.002311324776447963,0.1
'10001',1,0.10353333333333332,0.0012684198393626965,0.2
'11100',1,0.2523666666666667,0.0015755069730795448,0.1
