states,Avg0,SD0,frust0
'10010011',0.25376666666666664,0.004327688631231328,0.125
'00101100',0.25056666666666666,0.0018803073034894015,0.1875
'11010011',0.24639999999999998,0.006334561284466876,0.1875
'01101100',0.24926666666666666,0.0019669491322575976,0.125
