states,flag,Avg0,SD0,frust0
'10010011',1,0.5043666666666667,0.0029227080289044014,0.125
'01101100',1,0.4956333333333333,0.0029227080289043763,0.125
