states,flag,Avg0,SD0,frust0
'01010111',1,0.10843333333333333,0.0034922135609890144,0.375
'11010011',1,0.14246666666666666,0.0019871811414385186,0.1875
'11101000',1,0.1124,0.0020314198646923403,0.3125
'10010011',1,0.14296666666666666,0.0030728199137310657,0.125
'00010111',1,0.10893333333333333,0.003951652256405613,0.3125
'00101100',1,0.13659999999999997,0.0023720595832876262,0.1875
'10101000',1,0.11176666666666667,0.003793268892247011,0.375
'01101100',1,0.13643333333333332,0.0012710450643291713,0.125
