states,Avg0,SD0,frust0
'00110100',0.23086666666666666,0.003975200903378632,0.375
'11001011',0.2296,0.007112430433168862,0.375
'10000011',0.27163333333333334,0.008847724126701855,0.1875
'01111100',0.26789999999999997,0.006827884006044622,0.1875
