states,flag,Avg0,SD0,frust0
'01111100',1,0.49543333333333334,0.0034797828795614413,0.1875
'10000011',1,0.5045666666666667,0.003479782879561463,0.1875
