states,Avg0,SD0,frust0
'01101100',0.5011,0.0020928449536456086,0.125
'10010011',0.49889999999999995,0.0020928449536456563,0.125
