states,Avg0,SD0,frust0
'01111100',0.5018,0.004907137658554152,0.1875
'10000011',0.4982,0.004907137658554118,0.1875
