states,Avg0,SD0,frust0
'00110101',0.24203333333333332,0.003670906639449656,0.3125
'10000011',0.2638,0.003476588366008643,0.1875
'11001010',0.23309999999999997,0.003942080668885404,0.3125
'01111100',0.26106666666666667,0.003132978703335796,0.1875
