states,Avg0,SD0,frust0
'10010011',0.5069333333333333,0.0026398653164297634,0.125
'01101100',0.4930666666666667,0.0026398653164297838,0.125
