states,flag,Avg0,SD0,frust0
'10010011',1,0.2513333333333333,0.0034499597421161574,0.125
'01101100',1,0.2506333333333333,0.0034988887124660253,0.125
'11010011',1,0.252,0.005374011537017758,0.1875
'00101100',1,0.24603333333333333,0.0009877021593352685,0.1875
