states,flag,Avg0,SD0,frust0
'10001011',0,0.12473333333333335,0.0031351058816073336,0.4375
'00111100',0,0.1272,0.0038790033084114117,0.25
'10000011',0,0.12443333333333333,0.0012657891697365037,0.1875
'01110100',0,0.12733333333333333,0.0002624669291337322,0.4375
'11000011',0,0.12423333333333335,0.0032273139846558984,0.25
'11001011',0,0.12406666666666666,0.0006599663291074408,0.375
'00110100',0,0.12313333333333333,0.003103045099396545,0.375
'01111100',0,0.12486666666666667,0.0008993825042154725,0.1875
