states,Avg0,SD0,frust0
'10010011',0.49946666666666667,0.002910135544762284,0.125
'01101100',0.5005333333333333,0.002910135544762284,0.125
