states,flag,Avg0,SD0,frust0
'01101100',1,0.26026666666666665,0.004776563153100303,0.125
'10010011',1,0.26426666666666665,0.0028015868519267687,0.125
'11010011',1,0.23709999999999998,0.0015513435037626784,0.1875
'00101100',1,0.2383666666666667,0.005249973544906895,0.1875
