states,Avg0,SD0,frust0
'00100100',0.12349999999999998,0.002405549140355826,0.4375
'10011011',0.12273333333333335,0.002536839678725395,0.5
'00101100',0.1251,0.0014236104336041728,0.1875
'11011011',0.1264666666666667,0.0027402351886086176,0.4375
'10010011',0.12749999999999997,0.0009899494936611612,0.125
'01100100',0.12393333333333334,0.0013523641850067185,0.5
'01101100',0.12353333333333333,0.001087300428686674,0.125
'11010011',0.12723333333333334,0.003578019315518322,0.1875
