states,Avg0,SD0,frust0
'00110101',0.24943333333333337,0.00555117605157282,0.3125
'01110101',0.08690000000000002,0.0008602325267042642,0.375
'10001010',0.08933333333333333,0.002003885115358552,0.375
'10000011',0.16023333333333334,0.005223238671765078,0.1875
'01111100',0.15933333333333333,0.0036817870057290905,0.1875
'11001010',0.25476666666666664,0.004533088228668045,0.3125
