states,flag,Avg0,SD0,frust0
'11001011',1,0.1876,0.003131559781748811,0.375
'00110100',1,0.1890333333333333,0.004041726803676311,0.375
'01110100',1,0.19433333333333333,0.003732142667274244,0.4375
'00010110',1,0.05943333333333334,0.002269116323349003,0.375
'10001011',1,0.19003333333333336,0.0015584892970081361,0.4375
'10101001',1,0.0603,0.0008485281374238585,0.4375
'01010110',1,0.05986666666666667,0.0033688111981660393,0.4375
'11101001',1,0.0594,0.0022226110770892865,0.375
