states,Avg0,SD0,frust0
'11001011',0.24566666666666667,0.0013299958228840045,0.375
'10000011',0.25553333333333333,0.005280361940456573,0.1875
'00110100',0.2454333333333333,0.00262466929133726,0.375
'01111100',0.2533666666666667,0.002926127512980628,0.1875
