states,flag,Avg0,SD0,frust0
'01111100',1,0.5001333333333333,0.002392116682401197,0.1875
'10000011',1,0.4998666666666666,0.002392116682401223,0.1875
