states,flag,Avg0,SD0,frust0
'00110101',1,0.25160000000000005,0.004992661280986996,0.3125
'01111100',1,0.25096666666666667,0.004614710777021203,0.1875
'11001010',1,0.24349999999999997,0.0023720595832876262,0.3125
'10000011',1,0.25393333333333334,0.0013199326582149003,0.1875
