states,Avg0,SD0,frust0
'10010011',0.5042333333333334,0.004124991582483003,0.125
'01101100',0.4957666666666667,0.004124991582483011,0.125
