states,flag,Avg0,SD0,frust0,Avg1,SD1,frust1,Avg2,SD2,frust2
'0110',1,0.2940333333333333,0.0014522013940528092,0.3333333333333333,0.35463333333333336,0.004177186719418798,0.3333333333333333,0.24919999999999998,0.0025152865973217865,0.3333333333333333
'1100',1,0.2014,0.002299275248130742,0.3333333333333333,0.1492,0.001667333200053303,0.3333333333333333,0.24949999999999997,0.004675467891024387,0.3333333333333333
'1001',1,0.30206666666666665,0.0021359359124800987,0.3333333333333333,0.34876666666666667,0.006200179208879533,0.3333333333333333,0.24926666666666666,0.003449959742116163,0.3333333333333333
'0011',1,0.2025,0.001899122604432545,0.3333333333333333,0.1474,0.0010677078252031252,0.3333333333333333,0.25203333333333333,0.00363348623531482,0.3333333333333333
