states,Avg0,SD0,frust0,Avg1,SD1,frust1,Avg2,SD2,frust2
'1001',0.49723333333333336,0.004590085934804351,0.3333333333333333,0.5025,0.004030715403829284,0.3333333333333333,0.5015666666666666,0.0038273866918419686,0.3333333333333333
'0110',0.5027666666666667,0.004590085934804361,0.3333333333333333,0.4975,0.004030715403829258,0.3333333333333333,0.4984333333333333,0.0038273866918419595,0.3333333333333333
