states,flag,Avg0,SD0,frust0,Avg1,SD1,frust1,Avg2,SD2,frust2
'1100',1,0.08226666666666665,0.0025104227178350336,0.5,0.08493333333333335,0.0028288199345702847,0.5,0.0808,0.0023508863576673926,0.5
'1000',1,0.09549999999999999,0.0017107503227141757,0.375,0.09443333333333333,0.001357284871433487,0.375,0.08156666666666666,9.428090415820249e-5,0.375
'0111',1,0.09326666666666666,0.005543364401596639,0.375,0.09366666666666666,0.0003299831645537185,0.375,0.0826,0.0019510680835549176,0.375
'0110',1,0.17723333333333335,0.00416519974177577,0.25,0.17743333333333333,0.00179691092959248,0.25,0.17286666666666664,0.0021139746660943973,0.25
'1101',1,0.1462,0.0027531799795872396,0.375,0.146,0.004752543178832434,0.375,0.1673,0.0023252240035460344,0.375
'1001',1,0.17743333333333333,0.002000555478416494,0.25,0.1759666666666667,0.005915704147061077,0.25,0.16426666666666667,0.007815085127850844,0.25
'0011',1,0.08463333333333334,0.0004988876515698608,0.5,0.08533333333333333,0.0015965240019770737,0.5,0.0818,0.0014988884770611435,0.5
'0010',1,0.14346666666666666,0.0035424410918022168,0.375,0.14223333333333332,0.002948822740612872,0.375,0.16879999999999998,0.002376271589416219,0.375
