states,flag,Avg0,SD0,frust0,Avg1,SD1,frust1,Avg2,SD2,frust2
'1100',1,0.2538666666666667,0.004754179447835588,0.375,0.25276666666666664,0.004673566328000727,0.375,0.2543333333333333,0.0059901771444776436,0.375
'1001',1,0.24703333333333333,0.0022691163233489907,0.25,0.25170000000000003,0.0022105806175452395,0.25,0.25216666666666665,0.0045987921119451484,0.25
'0110',1,0.24860000000000002,0.00141656862405838,0.25,0.2502666666666667,0.0017931970208417136,0.25,0.2463666666666667,0.005186092513208343,0.25
'0011',1,0.2505,0.003715732319027665,0.375,0.24526666666666666,0.0043361529288324634,0.375,0.24713333333333332,0.0028940552094864225,0.375
