states,Avg0,SD0,frust0,Avg1,SD1,frust1,Avg2,SD2,frust2
'1000',0.2705,0.00435430821141544,0.3333333333333333,0.2737333333333334,0.0016438437341250625,0.3333333333333333,0.2546,0.002031419864692329,0.3333333333333333
'0010',0.23023333333333332,0.0023271346234276127,0.3333333333333333,0.23266666666666666,0.0025720722298480624,0.3333333333333333,0.24956666666666663,0.003044484995674779,0.3333333333333333
'0111',0.2676,0.0005354126134736196,0.3333333333333333,0.2644666666666666,0.002940899333348374,0.3333333333333333,0.2509,0.0023720595832876145,0.3333333333333333
'1101',0.2316666666666667,0.004980182950677843,0.3333333333333333,0.22913333333333333,0.0038732702232380095,0.3333333333333333,0.24493333333333334,0.0028241026106633526,0.3333333333333333
