states,flag,Avg0,SD0,frust0,Avg1,SD1,frust1,Avg2,SD2,frust2
'0011',1,0.23329999999999998,0.0037478882943154314,0.4444444444444444,0.22946666666666668,0.003034615113797607,0.4444444444444444,0.24976666666666666,0.0033727667508375984,0.4444444444444444
'1001',1,0.27013333333333334,0.0014007934259633844,0.2222222222222222,0.2708333333333333,0.0009741092797468175,0.2222222222222222,0.244,0.003203123475609397,0.2222222222222222
'1100',1,0.2293333333333333,0.002182251640444384,0.4444444444444444,0.23116666666666666,0.004368320297576882,0.4444444444444444,0.25116666666666665,0.002989239962859379,0.4444444444444444
'0110',1,0.2672333333333334,0.0016213848676020508,0.2222222222222222,0.2685333333333333,0.0016438437341250386,0.2222222222222222,0.2550666666666666,0.0030401023374587435,0.2222222222222222
