states,flag,Avg0,SD0,frust0,Avg1,SD1,frust1,Avg2,SD2,frust2
'0011',1,0.2198,0.0011430952132988152,0.375,0.21356666666666668,0.0037043517951488147,0.375,0.23906666666666668,0.0027255988129012854,0.375
'0110',1,0.18689999999999998,0.0026620793877468567,0.25,0.18530000000000002,0.007153087911291639,0.25,0.1757,0.0011430952132988233,0.25
'1100',1,0.2164,0.000748331477354785,0.375,0.22143333333333334,0.0011264496832477159,0.375,0.24196666666666666,0.0036012343562852006,0.375
'0111',1,0.09393333333333333,0.0011671427600007719,0.375,0.09423333333333334,0.0019770910168449233,0.375,0.08436666666666666,0.0011264496832477224,0.375
'1000',1,0.09283333333333332,0.0023156472577277876,0.375,0.09646666666666666,0.0007408703590297642,0.375,0.08096666666666666,0.001236482466066093,0.375
'1001',1,0.19013333333333335,0.001862495339293197,0.25,0.18899999999999997,0.0048873987628048725,0.25,0.17793333333333336,0.0023156472577277897,0.25
