states,Avg0,SD0,frust0,Avg1,SD1,frust1,Avg2,SD2,frust2
'11001',0.49926000000000004,0.00033256578296631044,0.2727272727272727,0.5000866666666667,0.0011840701931144983,0.2727272727272727,0.50083,0.0009389710680668722,0.2727272727272727
'00110',0.50074,0.00033256578296634887,0.2727272727272727,0.49991333333333327,0.0011840701931145241,0.2727272727272727,0.49917000000000006,0.0009389710680668722,0.2727272727272727
