states,Avg0,SD0,frust0,Avg1,SD1,frust1,Avg2,SD2,frust2
'00010',0.12297666666666666,0.001124791338673781,0.3,0.11503666666666666,0.0005325619421459079,0.3,0.14868333333333336,0.0010212519549824826,0.3
'11101',0.1221,0.0010123240587875016,0.3,0.11369666666666667,0.00033159546974522645,0.3,0.14809333333333333,0.001470290976492589,0.3
'00110',0.30482000000000004,0.000657317782101372,0.1,0.31247,0.0008242572413997784,0.1,0.26587,0.0009627391477792222,0.1
'11001',0.30389333333333335,0.0015991317088414761,0.1,0.31183333333333335,0.0010706488167876987,0.1,0.26534,0.0009461500938011913,0.1
'00011',0.07316,0.00028647280266487247,0.4,0.07328,0.00012192894105448128,0.4,0.08578000000000001,0.0004030715403829291,0.4
'11100',0.07305,0.0005697367813297675,0.4,0.07368333333333332,0.00027047283700134183,0.4,0.08623333333333333,0.00044462218668088086,0.4
