states,Avg0,SD0,frust0,Avg1,SD1,frust1,Avg2,SD2,frust2
'11100',0.11104333333333333,0.0003012566274051996,0.2727272727272727,0.10220999999999998,0.00034418987008142207,0.2727272727272727,0.22916000000000003,0.0008535025873813581,0.2727272727272727
'00011',0.11152000000000001,0.0011941803325573037,0.2727272727272727,0.10099000000000001,0.0007258558167202813,0.2727272727272727,0.22896666666666665,0.0009064705670284475,0.2727272727272727
'11001',0.17599666666666666,0.0002610661899893468,0.09090909090909091,0.17649,0.0007023294573536456,0.09090909090909091,0.27071,0.0010655515003977992,0.09090909090909091
'00110',0.17784,0.0007695886347047228,0.09090909090909091,0.1780533333333333,0.0011993424124169968,0.09090909090909091,0.27116333333333337,0.001798783539568393,0.09090909090909091
'01110',0.13838333333333333,0.0010158849453664653,0.18181818181818182,0.14796,0.0014628055236428415,0.18181818181818182,,,
'01010',0.07309,0.00024752104287649516,0.36363636363636365,0.0734,0.0003942080668885415,0.36363636363636365,,,
'10101',0.07368666666666666,0.0010248360302452717,0.36363636363636365,0.07304666666666666,0.0008405289339986443,0.36363636363636365,,,
'10001',0.13844,0.0005553977553669681,0.18181818181818182,0.14785,0.0009198188227399247,0.18181818181818182,,,
