states,Avg0,SD0,frust0,Avg1,SD1,frust1,Avg2,SD2,frust2
'00010',0.21068333333333333,0.000811760774831825,0.2727272727272727,0.20299333333333333,0.0011777473790626285,0.2727272727272727,0.27115,0.0009119576013536241,0.2727272727272727
'11101',0.21106666666666665,0.0007501259153561418,0.2727272727272727,0.20262000000000002,0.0009393969696920879,0.2727272727272727,0.27031,0.0011307519621915351,0.2727272727272727
'00111',0.2879233333333333,0.0006711350253281619,0.2727272727272727,0.29724,0.001487570726609901,0.2727272727272727,0.22865999999999997,0.0011055315463613,0.2727272727272727
'11000',0.2903266666666667,0.0005797317387282709,0.2727272727272727,0.29714666666666667,0.00018979521127315813,0.2727272727272727,0.22988,0.000901147416723068,0.2727272727272727
