states,flag,Avg0,SD0,frust0,Avg1,SD1,frust1,Avg2,SD2,frust2
'01110',1,0.3534,0.0012283593393900068,0.18181818181818182,0.36563999999999997,0.001236446521285898,0.18181818181818182,,,
'10101',1,0.14765,0.0010215021618511968,0.36363636363636365,0.13665000000000002,0.001261533458401582,0.36363636363636365,,,
'10001',1,0.35278000000000004,0.0005589871793401546,0.18181818181818182,0.36188666666666663,0.0019020398406856666,0.18181818181818182,,,
'01010',1,0.14617,0.0004084931659975068,0.36363636363636365,0.13582333333333332,0.00032045107097478207,0.36363636363636365,,,
'11001',0,,,,,,,0.25085,0.000775671751881336,0.2727272727272727
'01110',0,,,,,,,0.25011,1.4142135623745093e-5,0.18181818181818182
'10001',0,,,,,,,0.24893,0.00041817061908587717,0.18181818181818182
'00110',0,,,,,,,0.25011,0.0010918791141880145,0.2727272727272727
