states,Avg0,SD0,frust0,Avg1,SD1,frust1,Avg2,SD2,frust2
'00110',0.25001999999999996,0.0002970970660687651,0.2,0.24928000000000003,0.0004518849411077994,0.2,0.25001666666666666,0.001316873401491411,0.2
'01001',0.12458666666666667,0.00048561530270598176,0.3,0.13545666666666667,0.0008230971321107139,0.3,0.08372666666666667,0.0006512210752800382,0.3
'00011',0.12493,0.0011173480508179527,0.4,0.11470999999999999,0.0010545457157784437,0.4,0.16655333333333333,0.00033668316791244545,0.4
'11001',0.24934,0.0016544686961881955,0.2,0.24993666666666667,0.0020136589140721532,0.2,0.24992999999999999,0.0014622129347898359,0.2
'10110',0.12614666666666666,0.0003955024933198517,0.3,0.13593666666666668,0.0007386624548616353,0.3,0.08434333333333333,0.0013024165573613104,0.3
'11100',0.12497666666666667,0.0008535937102756886,0.4,0.11468,0.0006138946706615636,0.4,0.16543,0.0008689073598491464,0.4
