states,Avg0,SD0,frust0,Avg1,SD1,frust1,Avg2,SD2,frust2
'11001',0.2495666666666667,0.0012242367236590993,0.2,0.25044,0.00058126299268633,0.2,0.24846000000000001,0.0006548791237065556,0.2
'10001',0.24924999999999997,0.0018729121709252575,0.2,0.24945000000000003,0.0013660893089399379,0.2,0.2503066666666667,0.0010652803491204565,0.2
'01110',0.2504766666666667,0.0010100935050226234,0.2,0.24987666666666666,0.0006450495243691664,0.2,0.25111,0.0011255517165669,0.2
'00110',0.2507066666666667,0.0002819377393838825,0.2,0.25023333333333336,0.0022003383578188336,0.2,0.2501233333333333,0.0006841214966818713,0.2
