"Nature","Strength","Type","Node"
"P",0.0704310336901152,"TS","OVOL2,OVOL2"
"P",0.119818355232903,"TS","OVOL2,ZEB"
"P",0.123552711677591,"DA","OVOL2,GRHL2"
"P",0.0752155168450576,"TS","OVOL2,miR200"
"P",0.141312680489812,"TS","ZEB,ZEB"
"P",0.056440128498952,"TS","ZEB,GRHL2"
"N",0.0652987159348692,"NF","ZEB,miR200"
"P",0.0600764921353156,"DA","GRHL2,GRHL2"
"N",0.0700382460676578,"NF","GRHL2,miR200"
"P",0.08,"TS","miR200,miR200"
