"Nature","Strength","Type","Node"
"P",0.1165951145695,"TS","ZEB,ZEB"
"N",0.0910300076221448,"NF","ZEB,OVOL2"
"P",0.153217317222653,"TS","ZEB,miR200"
"P",0.0825211586283282,"TS","ZEB,GRHL2"
"P",0.148597383802142,"TS","OVOL2,OVOL2"
"P",0.0824815689323785,"TS","OVOL2,miR200"
"N",0.084598357605951,"NF","OVOL2,GRHL2"
"P",0.22673267908562,"DA","miR200,miR200"
"P",0.153469894063586,"DA","miR200,GRHL2"
"P",0.0802071090415514,"DA","GRHL2,GRHL2"
