"Nature","Strength","Type","Node"
"P",0.54743178327239,"DA","OVOL2,OVOL2"
"N",0.345691148791125,"NF","OVOL2,miR200"
"P",0.303130923937945,"DA","OVOL2,GRHL2"
"P",0.269757563033753,"TS","OVOL2,ZEB"
"P",0.0661191749427044,"DA","miR200,miR200"
"P",0.120916546869568,"DA","miR200,GRHL2"
"P",0.0514891162817696,"TS","miR200,ZEB"
"P",0.175713918796431,"DA","GRHL2,GRHL2"
"P",0.0990858196228778,"TS","GRHL2,ZEB"
"P",0.03317020865638,"TS","ZEB,ZEB"
