"Nature","Strength","Type","Node"
"P",0.141312680489812,"TS","ZEB,ZEB"
"P",0.0652987159348692,"TS","ZEB,miR200"
"P",0.056440128498952,"TS","ZEB,GRHL2"
"N",0.119818355232903,"NF","ZEB,OVOL2"
"P",0.08,"DA","miR200,miR200"
"P",0.0700382460676578,"DA","miR200,GRHL2"
"N",0.133642929315734,"NF","miR200,OVOL2"
"P",0.0600764921353156,"DA","GRHL2,GRHL2"
"N",0.123552711677591,"NF","GRHL2,OVOL2"
"P",0.187285858631468,"TS","OVOL2,OVOL2"
