"Nature","Strength","Type","Node"
"P",0.153572206723042,"TS","ZEB,ZEB"
"P",0.061195190346481,"TS","ZEB,miR200"
"N",0.114797132424861,"NF","ZEB,OVOL2"
"P",0.0768631010198666,"DA","miR200,miR200"
"N",0.128605440917114,"NF","miR200,OVOL2"
"P",0.180347780814361,"TS","OVOL2,OVOL2"
