"Nature","Strength","Type","Node"
"P",0.128069016225306,"TS","ZEB,ZEB"
"N",0.0858925954539883,"NF","ZEB,OVOL2"
"P",0.128296075630643,"TS","ZEB,miR200"
"P",0.149235939248143,"TS","OVOL2,OVOL2"
"P",0.0839880434368777,"TS","OVOL2,miR200"
"P",0.201834197994468,"DA","miR200,miR200"
