states,flag,Avg0,SD0,frust0
'010101011000001111',1,0.2751666666666666,0.004312256434345647,0.030303030303030304
'101011100111110000',1,0.22606666666666667,0.0016739839372652947,0.06060606060606061
'010100011000001111',1,0.22620000000000004,0.002631856125753583,0.06060606060606061
'101010100111110000',1,0.2725666666666667,0.0022573337271116186,0.030303030303030304
