states,Avg0,SD0,frust0
'101010100111110000',0.25376666666666664,0.002798015169524442,0.030303030303030304
'010100011000001111',0.24066666666666667,0.0026549743668986474,0.06060606060606061
'101011100111110000',0.24523333333333333,0.0031329787033357835,0.06060606060606061
'010101011000001111',0.2603333333333333,0.004327688631231341,0.030303030303030304
