states,flag,Avg0,SD0,frust0
'101010100111110000',1,0.2474666666666667,0.004735914789023235,0.030303030303030304
'010100011000100111',1,0.24876666666666666,0.00410636362518252,0.21212121212121213
'010101011000001111',1,0.24663333333333334,0.000984321537348899,0.030303030303030304
'101011100111011000',1,0.2571333333333333,0.0029936970825756816,0.21212121212121213
