states,Avg0,SD0,frust0
'010101011000001111',0.25376666666666664,0.002217105219775436,0.030303030303030304
'101011100111110000',0.2537,0.00321351313466533,0.06060606060606061
'101010100111110000',0.2474333333333333,0.003235566239298597,0.030303030303030304
'010100011000001111',0.2451,0.0020016659728003187,0.06060606060606061
