states,Avg0,SD0,frust0
'101010100111110000',0.2524,0.004000833246545848,0.030303030303030304
'010101011000001111',0.2543333333333333,0.003920317447463774,0.030303030303030304
'010100011000001111',0.24716666666666667,0.0028122746823325984,0.06060606060606061
'101011100111110000',0.24609999999999999,0.00468472695753624,0.06060606060606061
