states,Avg0,SD0,frust0
'010100011001100011',0.15286666666666668,0.0029044027881055968,0.24242424242424243
'101010100111110000',0.20456666666666667,0.007408703590297629,0.030303030303030304
'010100011000001111',0.08953333333333331,0.0013670731102939917,0.06060606060606061
'101011100111110000',0.08639999999999999,0.002899425230397686,0.06060606060606061
'010101011000001111',0.20363333333333333,0.0014383632673594326,0.030303030303030304
'101011100110011100',0.15006666666666668,0.0019154343864744947,0.24242424242424243
'010101011001100011',0.05673333333333334,0.0005906681715556456,0.2727272727272727
'101010100110011100',0.0562,0.002011632835948615,0.2727272727272727
