states,flag,Avg0,SD0,frust0
'101011100111110000',1,0.24939999999999998,0.004114203041497418,0.06060606060606061
'010101011000001111',1,0.25120000000000003,0.0014966629547095824,0.030303030303030304
'101010100111110000',1,0.25243333333333334,0.004754179447835579,0.030303030303030304
'010100011000001111',1,0.24696666666666667,0.0012229290885229496,0.06060606060606061
