states,flag,Avg0,SD0,frust0
'101011100111110000',1,0.2510666666666667,0.004089281382128436,0.06060606060606061
'010101011000001111',1,0.25146666666666667,0.0020805982045769777,0.030303030303030304
'010100011000001111',1,0.24913333333333335,0.004008601862107153,0.06060606060606061
'101010100111110000',1,0.24833333333333338,0.005286670870111836,0.030303030303030304
