states,flag,Avg0,SD0,frust0
'101011100110011100',1,0.17769999999999997,0.004178516483155244,0.24242424242424243
'010100011001100011',1,0.17826666666666666,0.003767698973585287,0.24242424242424243
'010101011000001111',1,0.17566666666666664,0.004134677200889512,0.030303030303030304
'010101011001100011',1,0.07293333333333334,0.0010208928554075736,0.2727272727272727
'101011100111110000',1,0.07333333333333332,0.0024143091949642426,0.06060606060606061
'101010100111110000',1,0.17600000000000002,0.003137939876203288,0.030303030303030304
'010100011000001111',1,0.0741,0.0008831760866327802,0.06060606060606061
'101010100110011100',1,0.07200000000000001,0.002691963347942664,0.2727272727272727
