states,Avg0,SD0,frust0
'101011100111011010',0.2104666666666667,0.001948218559493657,0.24242424242424243
'010100011000100101',0.2093,0.0021648710508172728,0.24242424242424243
'010101011000001111',0.2927666666666666,0.005154501808020732,0.030303030303030304
'101010100111110000',0.2874666666666666,0.004289781139198388,0.030303030303030304
