states,Avg0,SD0,frust0
'101011100111110000',0.25153333333333333,0.00415076967427594,0.06060606060606061
'010101011000001111',0.2507333333333333,0.0038784303812524823,0.030303030303030304
'010100011000001111',0.2508333333333333,0.0016499158227686124,0.06060606060606061
'101010100111110000',0.2469,0.001589549202342174,0.030303030303030304
