states,Avg0,SD0,frust0
'101010100111110000',0.25306666666666666,0.0003091206165165154,0.030303030303030304
'010101011000001111',0.2562,0.0016062378404209075,0.030303030303030304
'010100011000001111',0.24563333333333334,0.0018517259216441547,0.06060606060606061
'101011100111110000',0.24509999999999998,0.0025139610179953096,0.06060606060606061
