states,Avg0,SD0,frust0
'101010100111110000',0.25586666666666663,0.00413145118437685,0.030303030303030304
'010101011000001111',0.25083333333333335,0.003866379299666408,0.030303030303030304
'010100011000001111',0.2503666666666666,0.0013021349989749684,0.06060606060606061
'101011100111110000',0.24293333333333333,0.0018926759422104595,0.06060606060606061
