states,Avg0,SD0,frust0
'010101011000001111',0.24893333333333334,0.005619213072624643,0.030303030303030304
'101010100111110000',0.24673333333333333,0.0028193773938387295,0.030303030303030304
'010100011000001111',0.12276666666666668,0.0007039570693980988,0.06060606060606061
'101011100111111000',0.12673333333333334,0.004294440850939992,0.24242424242424243
'010100011000000111',0.12796666666666667,0.0007760297817881817,0.24242424242424243
'101011100111110000',0.12686666666666666,0.00375618009271239,0.06060606060606061
