states,flag,Avg0,SD0,frust0
'101011100110011100',1,0.21586666666666665,0.0016110727964792704,0.24242424242424243
'101010100111110000',1,0.2861,0.0030210373494326,0.030303030303030304
'010100011001100011',1,0.2154666666666667,0.0033559234529741966,0.24242424242424243
'010101011000001111',1,0.2825666666666667,0.0011614167593456252,0.030303030303030304
