states,flag,Avg0,SD0,frust0
'010100011000001111',1,0.25016666666666665,0.0009809292646374831,0.06060606060606061
'101011100111110000',1,0.2481,0.0038323187063012782,0.06060606060606061
'101010100111110000',1,0.24980000000000002,0.002146314670934033,0.030303030303030304
'010101011000001111',1,0.2519333333333333,0.0014704496666741948,0.030303030303030304
