states,Avg0,SD0,frust0
'101010100111110000',0.26430000000000003,0.003832318706301272,0.030303030303030304
'010101011000001111',0.2644,0.002699382645470384,0.030303030303030304
'010100011000001111',0.11653333333333334,0.0010338708279513892,0.06060606060606061
'101011100111111000',0.12123333333333335,0.0016006942938057301,0.24242424242424243
'010100011000000111',0.11706666666666665,0.004817560470703913,0.24242424242424243
'101011100111110000',0.11646666666666666,0.003760614606978785,0.06060606060606061
