states,Avg0,SD0,frust0
'010101011000001111',0.2468,0.0033346664001066145,0.030303030303030304
'101010100111110000',0.24783333333333335,0.0012762793146051073,0.030303030303030304
'010100011000001111',0.24896666666666667,0.0019955506062794355,0.06060606060606061
'101011100111110000',0.2564,0.005662155066756818,0.06060606060606061
