states,flag,Avg0,SD0,frust0
'010101011000001111',1,0.28263333333333335,0.003635320557468842,0.030303030303030304
'101010100111110000',1,0.2749666666666667,0.0027353650985238193,0.030303030303030304
'010100011000001111',0,0.10986666666666667,0.0018080068829760846,0.06060606060606061
'101011100111111000',0,0.1108,0.004121488404286329,0.24242424242424243
'010100011000000111',0,0.11056666666666666,0.0037606146069787904,0.24242424242424243
'101011100111110000',0,0.11116666666666665,0.0027010286106510504,0.06060606060606061
