states,Avg0,SD0,frust0
'101010100111110000',0.3046666666666667,0.00488898989794643,0.030303030303030304
'010101011000001111',0.301,0.005339163480046899,0.030303030303030304
'011000011001100001',0.1969,0.004009987531152683,0.24242424242424243
'100111100110011110',0.19743333333333332,0.0008055363982396352,0.24242424242424243
