states,Avg0,SD0,frust0
'101011100111110000',0.24173333333333333,0.0031137687061751377,0.06060606060606061
'101010100111110000',0.25993333333333335,0.0016213848676020514,0.030303030303030304
'010101011000001111',0.2647,0.0006531972647421769,0.030303030303030304
'010100011000001111',0.23363333333333333,0.0021638443156156623,0.06060606060606061
