states,Avg0,SD0,frust0
'101011100111110000',0.23949999999999996,0.005208326666662402,0.06060606060606061
'101010100111110000',0.2613666666666667,0.0026335442953471407,0.030303030303030304
'010101011000001111',0.26576666666666665,0.004472384400096006,0.030303030303030304
'010100011000001111',0.23336666666666664,0.005402057221302106,0.06060606060606061
