"Nature","Strength","Type","Node"
"P",0.996339573143718,"DA","miR200,miR200"
"P",0.546021017485493,"DA","miR200,OVOL2"
"P",1.13789842088012,"TS","miR200,ZEB"
"P",0.111524400410737,"DA","OVOL2,OVOL2"
"P",0.586502400500247,"TS","OVOL2,ZEB"
"P",1.08155599949956,"DA","ZEB,ZEB"
