"","Ecadherin","Iext","KEAP1","NRF2","SNAIL","ZEB","miR200","miR34"
"Ecadherin",1,-0.0442506838174185,-1,1,-0.381740815375103,-1,1,0.381740815375103
"Iext",-0.0442506838174185,1,0.0442506838174185,-0.0442506838174185,0.662500888200121,0.0442506838174185,-0.0442506838174185,-0.662500888200121
"KEAP1",-1,0.0442506838174185,1,-1,0.381740815375103,1,-1,-0.381740815375103
"NRF2",1,-0.0442506838174185,-1,1,-0.381740815375103,-1,1,0.381740815375103
"SNAIL",-0.381740815375103,0.662500888200121,0.381740815375103,-0.381740815375103,1,0.381740815375103,-0.381740815375103,-1
"ZEB",-1,0.0442506838174185,1,-1,0.381740815375103,1,-1,-0.381740815375103
"miR200",1,-0.0442506838174185,-1,1,-0.381740815375103,-1,1,0.381740815375103
"miR34",0.381740815375103,-0.662500888200121,-0.381740815375103,0.381740815375103,-1,-0.381740815375103,0.381740815375103,1
