"","Ecadherin","Iext","KEAP1","NRF2","SNAIL","ZEB","miR200","miR34"
"Ecadherin",1,-0.00269625366651291,-1,-1,-0.00149179650019761,-1,1,1
"Iext",-0.00269625366651291,1,0.00269625366651291,0.00269625366651291,-0.00710367470729566,0.00269625366651291,-0.00269625366651291,-0.00269625366651291
"KEAP1",-1,0.00269625366651291,1,1,0.00149179650019761,1,-1,-1
"NRF2",-1,0.00269625366651291,1,1,0.00149179650019761,1,-1,-1
"SNAIL",-0.00149179650019761,-0.00710367470729566,0.00149179650019761,0.00149179650019761,1,0.00149179650019761,-0.00149179650019761,-0.00149179650019761
"ZEB",-1,0.00269625366651291,1,1,0.00149179650019761,1,-1,-1
"miR200",1,-0.00269625366651291,-1,-1,-0.00149179650019761,-1,1,1
"miR34",1,-0.00269625366651291,-1,-1,-0.00149179650019761,-1,1,1
