"","Ecadherin","Iext","KEAP1","NRF2","SNAIL","ZEB","miR200","miR34"
"Ecadherin",1,-0.00975831964610237,-1,-1,-0.00975831964610237,-1,1,0.00975831964610235
"Iext",-0.00975831964610237,1,0.00975831964610237,0.00975831964610237,1,0.00975831964610237,-0.00975831964610237,-1
"KEAP1",-1,0.00975831964610237,1,1,0.00975831964610237,1,-1,-0.00975831964610235
"NRF2",-1,0.00975831964610237,1,1,0.00975831964610237,1,-1,-0.00975831964610235
"SNAIL",-0.00975831964610237,1,0.00975831964610237,0.00975831964610237,1,0.00975831964610237,-0.00975831964610237,-1
"ZEB",-1,0.00975831964610237,1,1,0.00975831964610237,1,-1,-0.00975831964610235
"miR200",1,-0.00975831964610237,-1,-1,-0.00975831964610237,-1,1,0.00975831964610235
"miR34",0.00975831964610235,-1,-0.00975831964610235,-0.00975831964610235,-1,-0.00975831964610235,0.00975831964610235,1
