"","Ecadherin","Iext","KEAP1","NRF2","SNAIL","ZEB","miR200","miR34"
"Ecadherin",1,-0.00525057411750929,-0.00525057411750929,0.00525057411750927,-0.00525057411750929,-1,0.00525057411750927,1
"Iext",-0.00525057411750929,1,1,-1,1,0.00525057411750927,-1,-0.00525057411750929
"KEAP1",-0.00525057411750929,1,1,-1,1,0.00525057411750927,-1,-0.00525057411750929
"NRF2",0.00525057411750927,-1,-1,1,-1,-0.00525057411750929,1,0.00525057411750927
"SNAIL",-0.00525057411750929,1,1,-1,1,0.00525057411750927,-1,-0.00525057411750929
"ZEB",-1,0.00525057411750927,0.00525057411750927,-0.00525057411750929,0.00525057411750927,1,-0.00525057411750929,-1
"miR200",0.00525057411750927,-1,-1,1,-1,-0.00525057411750929,1,0.00525057411750927
"miR34",1,-0.00525057411750929,-0.00525057411750929,0.00525057411750927,-0.00525057411750929,-1,0.00525057411750927,1
