"","Ecadherin","Iext","KEAP1","NRF2","SNAIL","ZEB","miR200","miR34"
"Ecadherin",1,-0.00510731952526749,-0.00510731952526749,-1,-0.00510731952526749,-1,0.00510731952526752,0.00510731952526752
"Iext",-0.00510731952526749,1,1,0.00510731952526749,1,0.00510731952526749,-1,-1
"KEAP1",-0.00510731952526749,1,1,0.00510731952526749,1,0.00510731952526749,-1,-1
"NRF2",-1,0.00510731952526749,0.00510731952526749,1,0.00510731952526749,1,-0.00510731952526752,-0.00510731952526752
"SNAIL",-0.00510731952526749,1,1,0.00510731952526749,1,0.00510731952526749,-1,-1
"ZEB",-1,0.00510731952526749,0.00510731952526749,1,0.00510731952526749,1,-0.00510731952526752,-0.00510731952526752
"miR200",0.00510731952526752,-1,-1,-0.00510731952526752,-1,-0.00510731952526752,1,1
"miR34",0.00510731952526752,-1,-1,-0.00510731952526752,-1,-0.00510731952526752,1,1
