"","Ecadherin","Iext","KEAP1","NRF2","SNAIL","ZEB","miR200","miR34"
"Ecadherin",1,-0.00599798124184756,-1,1,-1,-1,1,1
"Iext",-0.00599798124184756,1,0.00599798124184757,-0.00599798124184756,0.00599798124184757,0.00599798124184757,-0.00599798124184756,-0.00599798124184756
"KEAP1",-1,0.00599798124184757,1,-1,1,1,-1,-1
"NRF2",1,-0.00599798124184756,-1,1,-1,-1,1,1
"SNAIL",-1,0.00599798124184757,1,-1,1,1,-1,-1
"ZEB",-1,0.00599798124184757,1,-1,1,1,-1,-1
"miR200",1,-0.00599798124184756,-1,1,-1,-1,1,1
"miR34",1,-0.00599798124184756,-1,1,-1,-1,1,1
