"","Ecadherin","Iext","KEAP1","NRF2","SNAIL","ZEB","miR200","miR34"
"Ecadherin",1,-0.0496971772997912,-0.0496971772997912,0.0496971772997912,-0.0496971772997912,-1,0.0496971772997912,0.0496971772997912
"Iext",-0.0496971772997912,1,1,-1,1,0.0496971772997912,-1,-1
"KEAP1",-0.0496971772997912,1,1,-1,1,0.0496971772997912,-1,-1
"NRF2",0.0496971772997912,-1,-1,1,-1,-0.0496971772997912,1,1
"SNAIL",-0.0496971772997912,1,1,-1,1,0.0496971772997912,-1,-1
"ZEB",-1,0.0496971772997912,0.0496971772997912,-0.0496971772997912,0.0496971772997912,1,-0.0496971772997912,-0.0496971772997912
"miR200",0.0496971772997912,-1,-1,1,-1,-0.0496971772997912,1,1
"miR34",0.0496971772997912,-1,-1,1,-1,-0.0496971772997912,1,1
