"","Ecadherin","Iext","KEAP1","NRF2","SNAIL","ZEB","miR200","miR34"
"Ecadherin",1,-0.0496882854060786,-1,1,-0.401826529723551,-1,1,0.401826529723551
"Iext",-0.0496882854060786,1,0.0496882854060786,-0.0496882854060786,0.647920655383905,0.0496882854060786,-0.0496882854060786,-0.647920655383905
"KEAP1",-1,0.0496882854060786,1,-1,0.401826529723551,1,-1,-0.401826529723551
"NRF2",1,-0.0496882854060786,-1,1,-0.401826529723551,-1,1,0.401826529723551
"SNAIL",-0.401826529723551,0.647920655383905,0.401826529723551,-0.401826529723551,1,0.401826529723551,-0.401826529723551,-1
"ZEB",-1,0.0496882854060786,1,-1,0.401826529723551,1,-1,-0.401826529723551
"miR200",1,-0.0496882854060786,-1,1,-0.401826529723551,-1,1,0.401826529723551
"miR34",0.401826529723551,-0.647920655383905,-0.401826529723551,0.401826529723551,-1,-0.401826529723551,0.401826529723551,1
