"","Ecadherin","Iext","KEAP1","NRF2","SNAIL","ZEB","miR200","miR34"
"Ecadherin",1,-0.00230357965036638,-1,1,-0.50365303974717,-1,1,1
"Iext",-0.00230357965036638,1,0.00230357965036638,-0.00230357965036638,0.498683738987656,0.00230357965036638,-0.00230357965036638,-0.00230357965036638
"KEAP1",-1,0.00230357965036638,1,-1,0.50365303974717,1,-1,-1
"NRF2",1,-0.00230357965036638,-1,1,-0.50365303974717,-1,1,1
"SNAIL",-0.50365303974717,0.498683738987656,0.50365303974717,-0.50365303974717,1,0.50365303974717,-0.50365303974717,-0.50365303974717
"ZEB",-1,0.00230357965036638,1,-1,0.50365303974717,1,-1,-1
"miR200",1,-0.00230357965036638,-1,1,-0.50365303974717,-1,1,1
"miR34",1,-0.00230357965036638,-1,1,-0.50365303974717,-1,1,1
