"","Ecadherin","Iext","KEAP1","NRF2","SNAIL","ZEB","miR200","miR34"
"Ecadherin",1,-0.306703096898466,-0.434535965326711,-0.669710609740259,0.0391086129488838,-0.645074066038375,0.278879379761242,0.654162624424923
"Iext",-0.306703096898466,1,0.296447426244989,0.312762814159518,0.309341379127778,0.303453417918911,-0.297451564517178,-0.304881710042937
"KEAP1",-0.434535965326711,0.296447426244989,1,0.227807204798807,0.198939644577646,0.594032188402505,-0.607345350468861,-0.446851485010652
"NRF2",-0.669710609740259,0.312762814159518,0.227807204798807,1,-0.215554525609316,0.337390564535332,-0.0313704791135017,-0.500324262053943
"SNAIL",0.0391086129488838,0.309341379127778,0.198939644577646,-0.215554525609316,1,0.170437730373578,-0.449471802114568,-0.00833129007302183
"ZEB",-0.645074066038375,0.303453417918911,0.594032188402505,0.337390564535332,0.170437730373578,1,-0.589787231702584,-0.649714432767847
"miR200",0.278879379761242,-0.297451564517178,-0.607345350468861,-0.0313704791135017,-0.449471802114568,-0.589787231702584,1,0.296039056174012
"miR34",0.654162624424923,-0.304881710042937,-0.446851485010652,-0.500324262053943,-0.00833129007302183,-0.649714432767847,0.296039056174012,1
