"","Ecadherin","Iext","KEAP1","NRF2","SNAIL","ZEB","miR200","miR34"
"Ecadherin",1,0.00838480042943255,-1,-1,0.360835365953134,-1,1,-0.360835365953134
"Iext",0.00838480042943255,1,-0.00838480042943257,-0.00838480042943257,0.647532173120629,-0.00838480042943257,0.00838480042943255,-0.647532173120629
"KEAP1",-1,-0.00838480042943257,1,1,-0.360835365953135,1,-1,0.360835365953134
"NRF2",-1,-0.00838480042943257,1,1,-0.360835365953135,1,-1,0.360835365953134
"SNAIL",0.360835365953134,0.647532173120629,-0.360835365953135,-0.360835365953135,1,-0.360835365953135,0.360835365953134,-1
"ZEB",-1,-0.00838480042943257,1,1,-0.360835365953135,1,-1,0.360835365953134
"miR200",1,0.00838480042943255,-1,-1,0.360835365953134,-1,1,-0.360835365953134
"miR34",-0.360835365953134,-0.647532173120629,0.360835365953134,0.360835365953134,-1,0.360835365953134,-0.360835365953134,1
