"","Ecadherin","Iext","KEAP1","NRF2","SNAIL","ZEB","miR200","miR34"
"Ecadherin",1,-0.00980984443094725,-0.511707992869682,-1,-0.50451385751983,-1,0.500505589281304,1
"Iext",-0.00980984443094725,1,0.498100919333032,0.00980984443094725,0.50529085961096,0.00980984443094725,-0.509298689820898,-0.00980984443094725
"KEAP1",-0.511707992869682,0.498100919333032,1,0.511707992869682,0.564942626627838,0.511707992869682,-0.777067909004746,-0.511707992869682
"NRF2",-1,0.00980984443094725,0.511707992869682,1,0.50451385751983,1,-0.500505589281304,-1
"SNAIL",-0.50451385751983,0.50529085961096,0.564942626627838,0.50451385751983,1,0.50451385751983,-0.673399949714525,-0.50451385751983
"ZEB",-1,0.00980984443094725,0.511707992869682,1,0.50451385751983,1,-0.500505589281304,-1
"miR200",0.500505589281304,-0.509298689820898,-0.777067909004746,-0.500505589281304,-0.673399949714525,-0.500505589281304,1,0.500505589281304
"miR34",1,-0.00980984443094725,-0.511707992869682,-1,-0.50451385751983,-1,0.500505589281304,1
