"","Ecadherin","Iext","KEAP1","NRF2","SNAIL","ZEB","miR200","miR34"
"Ecadherin",1,-0.0740919016125828,-0.0740919016125828,-1,-0.0740919016125828,-1,0.0740919016125828,0.0740919016125828
"Iext",-0.0740919016125828,1,1,0.0740919016125828,1,0.0740919016125828,-1,-1
"KEAP1",-0.0740919016125828,1,1,0.0740919016125828,1,0.0740919016125828,-1,-1
"NRF2",-1,0.0740919016125828,0.0740919016125828,1,0.0740919016125828,1,-0.0740919016125828,-0.0740919016125828
"SNAIL",-0.0740919016125828,1,1,0.0740919016125828,1,0.0740919016125828,-1,-1
"ZEB",-1,0.0740919016125828,0.0740919016125828,1,0.0740919016125828,1,-0.0740919016125828,-0.0740919016125828
"miR200",0.0740919016125828,-1,-1,-0.0740919016125828,-1,-0.0740919016125828,1,1
"miR34",0.0740919016125828,-1,-1,-0.0740919016125828,-1,-0.0740919016125828,1,1
