"","Ecadherin","Iext","KEAP1","NRF2","SNAIL","ZEB","miR200","miR34"
"Ecadherin",1,-0.0461997186373472,-0.130820109194974,0.130820109194974,-0.130820109194974,-1,0.130820109194974,0.130820109194974
"Iext",-0.0461997186373472,1,0.493291681627741,-0.493291681627741,0.493291681627741,0.0461997186373472,-0.493291681627741,-0.493291681627741
"KEAP1",-0.130820109194974,0.493291681627741,1,-1,1,0.130820109194974,-1,-1
"NRF2",0.130820109194974,-0.493291681627741,-1,1,-1,-0.130820109194974,1,1
"SNAIL",-0.130820109194974,0.493291681627741,1,-1,1,0.130820109194974,-1,-1
"ZEB",-1,0.0461997186373472,0.130820109194974,-0.130820109194974,0.130820109194974,1,-0.130820109194974,-0.130820109194974
"miR200",0.130820109194974,-0.493291681627741,-1,1,-1,-0.130820109194974,1,1
"miR34",0.130820109194974,-0.493291681627741,-1,1,-1,-0.130820109194974,1,1
