"","Ecadherin","Iext","KEAP1","NRF2","SNAIL","ZEB","miR200","miR34"
"Ecadherin",1,-0.00535411609052338,-1,-1,-0.00535411609052338,-1,1,0.00535411609052338
"Iext",-0.00535411609052338,1,0.0053541160905234,0.0053541160905234,1,0.0053541160905234,-0.00535411609052338,-1
"KEAP1",-1,0.0053541160905234,1,1,0.0053541160905234,1,-1,-0.0053541160905234
"NRF2",-1,0.0053541160905234,1,1,0.0053541160905234,1,-1,-0.0053541160905234
"SNAIL",-0.00535411609052338,1,0.0053541160905234,0.0053541160905234,1,0.0053541160905234,-0.00535411609052338,-1
"ZEB",-1,0.0053541160905234,1,1,0.0053541160905234,1,-1,-0.0053541160905234
"miR200",1,-0.00535411609052338,-1,-1,-0.00535411609052338,-1,1,0.00535411609052338
"miR34",0.00535411609052338,-1,-0.0053541160905234,-0.0053541160905234,-1,-0.0053541160905234,0.00535411609052338,1
