"","Ecadherin","Iext","KEAP1","NRF2","SNAIL","ZEB","miR200","miR34"
"Ecadherin",1,-0.000186152559486715,-1,-1,-0.13806178257204,-1,1,0.13806178257204
"Iext",-0.000186152559486715,1,0.000186152559486723,0.000186152559486723,-0.0177935425215684,0.000186152559486723,-0.000186152559486715,0.0177935425215684
"KEAP1",-1,0.000186152559486723,1,1,0.13806178257204,1,-1,-0.13806178257204
"NRF2",-1,0.000186152559486723,1,1,0.13806178257204,1,-1,-0.13806178257204
"SNAIL",-0.13806178257204,-0.0177935425215684,0.13806178257204,0.13806178257204,1,0.13806178257204,-0.13806178257204,-1
"ZEB",-1,0.000186152559486723,1,1,0.13806178257204,1,-1,-0.13806178257204
"miR200",1,-0.000186152559486715,-1,-1,-0.13806178257204,-1,1,0.13806178257204
"miR34",0.13806178257204,0.0177935425215684,-0.13806178257204,-0.13806178257204,-1,-0.13806178257204,0.13806178257204,1
