"","Ecadherin","Iext","KEAP1","NRF2","SNAIL","ZEB","miR200","miR34"
"Ecadherin",1,0.00227101835817151,-1,-1,0.00108421155413662,-1,1,1
"Iext",0.00227101835817151,1,-0.00227101835817151,-0.00227101835817151,-0.00190723929635174,-0.00227101835817151,0.00227101835817151,0.00227101835817151
"KEAP1",-1,-0.00227101835817151,1,1,-0.00108421155413662,1,-1,-1
"NRF2",-1,-0.00227101835817151,1,1,-0.00108421155413662,1,-1,-1
"SNAIL",0.00108421155413662,-0.00190723929635174,-0.00108421155413662,-0.00108421155413662,1,-0.00108421155413662,0.00108421155413662,0.00108421155413662
"ZEB",-1,-0.00227101835817151,1,1,-0.00108421155413662,1,-1,-1
"miR200",1,0.00227101835817151,-1,-1,0.00108421155413662,-1,1,1
"miR34",1,0.00227101835817151,-1,-1,0.00108421155413662,-1,1,1
