"","Ecadherin","Iext","KEAP1","NRF2","SNAIL","ZEB","miR200","miR34"
"Ecadherin",1,-0.0658803381977435,-0.712338304917427,-1,-0.0658803381977435,-1,0.712338304917426,0.0658803381977435
"Iext",-0.0658803381977435,1,0.353529567837272,0.0658803381977435,1,0.0658803381977435,-0.353529567837272,-1
"KEAP1",-0.712338304917427,0.353529567837272,1,0.712338304917427,0.353529567837272,0.712338304917427,-1,-0.353529567837271
"NRF2",-1,0.0658803381977435,0.712338304917427,1,0.0658803381977435,1,-0.712338304917426,-0.0658803381977435
"SNAIL",-0.0658803381977435,1,0.353529567837272,0.0658803381977435,1,0.0658803381977435,-0.353529567837272,-1
"ZEB",-1,0.0658803381977435,0.712338304917427,1,0.0658803381977435,1,-0.712338304917426,-0.0658803381977435
"miR200",0.712338304917426,-0.353529567837272,-1,-0.712338304917426,-0.353529567837272,-0.712338304917426,1,0.353529567837271
"miR34",0.0658803381977435,-1,-0.353529567837271,-0.0658803381977435,-1,-0.0658803381977435,0.353529567837271,1
