"","Ecadherin","Iext","KEAP1","NRF2","SNAIL","ZEB","miR200","miR34"
"Ecadherin",1,-0.0790968553186353,-1,-1,-0.0790968553186353,-1,1,1
"Iext",-0.0790968553186353,1,0.0790968553186354,0.0790968553186354,1,0.0790968553186354,-0.0790968553186353,-0.0790968553186353
"KEAP1",-1,0.0790968553186354,1,1,0.0790968553186354,1,-1,-1
"NRF2",-1,0.0790968553186354,1,1,0.0790968553186354,1,-1,-1
"SNAIL",-0.0790968553186353,1,0.0790968553186354,0.0790968553186354,1,0.0790968553186354,-0.0790968553186353,-0.0790968553186353
"ZEB",-1,0.0790968553186354,1,1,0.0790968553186354,1,-1,-1
"miR200",1,-0.0790968553186353,-1,-1,-0.0790968553186353,-1,1,1
"miR34",1,-0.0790968553186353,-1,-1,-0.0790968553186353,-1,1,1
