"","Ecadherin","Iext","KEAP1","NRF2","SNAIL","ZEB","miR200","miR34"
"Ecadherin",1,0.00156956140956277,-1,-1,-0.00562369582831046,-1,1,1
"Iext",0.00156956140956277,1,-0.00156956140956277,-0.00156956140956277,-0.000214128812068306,-0.00156956140956277,0.00156956140956277,0.00156956140956277
"KEAP1",-1,-0.00156956140956277,1,1,0.00562369582831046,1,-1,-1
"NRF2",-1,-0.00156956140956277,1,1,0.00562369582831046,1,-1,-1
"SNAIL",-0.00562369582831046,-0.000214128812068306,0.00562369582831046,0.00562369582831046,1,0.00562369582831046,-0.00562369582831046,-0.00562369582831046
"ZEB",-1,-0.00156956140956277,1,1,0.00562369582831046,1,-1,-1
"miR200",1,0.00156956140956277,-1,-1,-0.00562369582831046,-1,1,1
"miR34",1,0.00156956140956277,-1,-1,-0.00562369582831046,-1,1,1
