"","Ecadherin","Iext","KEAP1","NRF2","SNAIL","ZEB","miR200","miR34"
"Ecadherin",1,0.000909992029292935,-0.11685306494434,0.11685306494434,-0.11685306494434,-1,0.11685306494434,0.11685306494434
"Iext",0.000909992029292935,1,0.00149772133842715,-0.00149772133842716,0.00149772133842715,-0.000909992029292925,-0.00149772133842716,-0.00149772133842716
"KEAP1",-0.11685306494434,0.00149772133842715,1,-1,1,0.11685306494434,-1,-1
"NRF2",0.11685306494434,-0.00149772133842716,-1,1,-1,-0.11685306494434,1,1
"SNAIL",-0.11685306494434,0.00149772133842715,1,-1,1,0.11685306494434,-1,-1
"ZEB",-1,-0.000909992029292925,0.11685306494434,-0.11685306494434,0.11685306494434,1,-0.11685306494434,-0.11685306494434
"miR200",0.11685306494434,-0.00149772133842716,-1,1,-1,-0.11685306494434,1,1
"miR34",0.11685306494434,-0.00149772133842716,-1,1,-1,-0.11685306494434,1,1
