"","Ecadherin","Iext","KEAP1","NRF2","SNAIL","ZEB","miR200","miR34"
"Ecadherin",1,0.00190670248312717,-1,-1,0.499664511449958,-1,1,1
"Iext",0.00190670248312717,1,-0.00190670248312717,-0.00190670248312717,0.502262291446618,-0.00190670248312717,0.00190670248312717,0.00190670248312717
"KEAP1",-1,-0.00190670248312717,1,1,-0.499664511449958,1,-1,-1
"NRF2",-1,-0.00190670248312717,1,1,-0.499664511449958,1,-1,-1
"SNAIL",0.499664511449958,0.502262291446618,-0.499664511449958,-0.499664511449958,1,-0.499664511449958,0.499664511449958,0.499664511449958
"ZEB",-1,-0.00190670248312717,1,1,-0.499664511449958,1,-1,-1
"miR200",1,0.00190670248312717,-1,-1,0.499664511449958,-1,1,1
"miR34",1,0.00190670248312717,-1,-1,0.499664511449958,-1,1,1
