"","ZEB","SNAIL","OVOL2","miR200","GRHL2"
"ZEB",0,0,0,0,0
"SNAIL",0.125320496210624,0,-0.119703202067955,-0.219703202067955,-0.170022720558866
"OVOL2",0,0,0,0,0.1
"miR200",0,0,0.1,0.1,0.1
"GRHL2",0,0,0.1,0.1,0.1
