states,flag,Avg0,SD0,frust0
'0110',1,0.5044666666666667,0.006512210752800374,0.2222222222222222
'1001',1,0.4955333333333334,0.006512210752800407,0.2222222222222222
