states,flag,Avg0,SD0,frust0
'1001',0,0.2512666666666667,0.0035863940416834025,0.2222222222222222
'0001',0,0.2515,0.0018018509002319378,0.3333333333333333
'0110',0,0.24833333333333338,0.0025940101944458252,0.2222222222222222
'1110',0,0.2489,0.0027067816067548995,0.3333333333333333
