states,flag,Avg0,SD0,frust0
'1000',1,0.5029333333333333,0.003616935473881494,0.4444444444444444
'0111',1,0.4970666666666667,0.0036169354738814744,0.4444444444444444
