states,Avg0,SD0,frust0
'0110',0.3269666666666667,0.007920157125265174,0.2222222222222222
'1001',0.3372,0.003798245208865094,0.2222222222222222
'1101',0.16406666666666667,0.0030092450142113008,0.4444444444444444
'0010',0.17176666666666665,0.0013474255287605182,0.4444444444444444
