states,flag,Avg0,SD0,frust0
'0110',1,0.2726666666666666,0.0028592928418676583,0.2222222222222222
'0011',1,0.22550000000000003,0.0012832251036613402,0.4444444444444444
'1100',1,0.23156666666666667,0.0016679994670929078,0.4444444444444444
'1001',1,0.2702666666666667,0.0032499572646762886,0.2222222222222222
