states,Avg0,SD0,frust0
'1001',0.5008666666666667,0.0029847761874031405,0.2222222222222222
'0110',0.49913333333333326,0.002984776187403162,0.2222222222222222
