states,flag,Avg0,SD0,frust0
'1110',0,0.25106666666666666,0.0015520595635763745,0.3333333333333333
'0110',0,0.25089999999999996,0.004130375285612668,0.2222222222222222
'0001',0,0.24796666666666667,0.001543444920372027,0.3333333333333333
'1001',0,0.25006666666666666,0.003147838764754155,0.2222222222222222
