states,Avg0,SD0,frust0
'0110',0.24866666666666667,0.005184806864505398,0.2222222222222222
'0001',0.2494333333333333,0.001961858529274966,0.3333333333333333
'1001',0.2551333333333334,0.0015412837362262458,0.2222222222222222
'1110',0.24676666666666666,0.004800231475900124,0.3333333333333333
