states,Avg0,SD0,frust0
'1001',0.24703333333333333,0.005792140268405877,0.2222222222222222
'0110',0.2527333333333333,0.00200720922897662,0.2222222222222222
'1110',0.2505,0.004667618950457149,0.3333333333333333
'0001',0.24973333333333333,0.0023442601296689747,0.3333333333333333
