states,flag,Avg0,SD0,frust0
'1001',0,0.2479,0.0028705400188814745,0.2222222222222222
'0001',0,0.25533333333333336,0.00493040453602834,0.3333333333333333
'1110',0,0.25056666666666666,0.0032601976763516893,0.3333333333333333
'0110',0,0.2462,0.0028612351645166496,0.2222222222222222
