states,flag,Avg0,SD0,frust0
'1110',0,0.24616666666666664,0.0014636332266733329,0.3333333333333333
'1001',0,0.25056666666666666,0.004654269246855202,0.2222222222222222
'0001',0,0.25433333333333336,0.00209814733091414,0.3333333333333333
'0110',0,0.2489333333333333,0.004190730511763096,0.2222222222222222
