states,flag,Avg0,SD0,frust0
'0001',0,0.24716666666666667,0.002623398982660144,0.3333333333333333
'1001',0,0.25316666666666665,0.00016996731711976616,0.2222222222222222
'1110',0,0.25166666666666665,0.0029510826638522,0.3333333333333333
'0110',0,0.248,0.0037094473981982763,0.2222222222222222
