states,Avg0,SD0,frust0
'1110',0.25003333333333333,0.0035928942217784395,0.3333333333333333
'0001',0.24873333333333333,0.004187547678003875,0.3333333333333333
'1001',0.2501,0.0037744756810273302,0.2222222222222222
'0110',0.2511333333333334,0.00443195467285286,0.2222222222222222
