states,Avg0,SD0,frust0
'0110',0.24970000000000003,0.005746303159423462,0.2222222222222222
'1001',0.2506333333333333,0.0042050234508528295,0.2222222222222222
'0011',0.2488,0.0018384776310850172,0.4444444444444444
'1100',0.2508666666666666,0.0031626290048347764,0.4444444444444444
