states,flag,Avg0,SD0,frust0
'0110',1,0.5022333333333333,0.0027353650985238315,0.2222222222222222
'1001',1,0.4977666666666667,0.0027353650985238193,0.2222222222222222
