states,flag,Avg0,SD0,frust0
'0110',1,0.49833333333333335,0.0019136933459209797,0.2222222222222222
'1001',1,0.5016666666666666,0.001913693345920972,0.2222222222222222
