states,flag,Avg0,SD0,frust0
'0110',1,0.2755666666666667,0.0015839472494022266,0.2222222222222222
'0011',1,0.22563333333333335,0.0037025516726831545,0.4444444444444444
'1100',1,0.2205,0.0025703436864876,0.4444444444444444
'1001',1,0.2783,0.0007788880963698542,0.2222222222222222
