states,flag,Avg0,SD0,frust0
'1000',1,0.3186333333333333,0.002683695627716052,0.4444444444444444
'0011',1,0.18896666666666664,0.002206555888458044,0.4444444444444444
'0111',1,0.3108,0.0043825411197918746,0.4444444444444444
'1100',1,0.18159999999999998,0.0029473151624260802,0.4444444444444444
