states,flag,Avg0,SD0,frust0
'1001',0,0.1683,0.0002828427124746271,0.2222222222222222
'1110',0,0.17110000000000003,0.00771016644870049,0.3333333333333333
'0110',0,0.17163333333333333,0.003470190516703981,0.2222222222222222
'0001',0,0.16626666666666667,0.0031899146627387366,0.3333333333333333
'1101',0,0.08176666666666667,0.0011953614051360745,0.4444444444444444
'0101',0,0.0785,0.003975759885439087,0.5555555555555556
'1010',0,0.0807,0.00204613456709637,0.5555555555555556
'0010',0,0.08173333333333332,0.001228368384845886,0.4444444444444444
