states,flag,Avg0,SD0,frust0
'1001',1,0.49733333333333335,0.000262466929133724,0.2222222222222222
'0110',1,0.5026666666666667,0.0002624669291337498,0.2222222222222222
