states,Avg0,SD0,frust0
'0001',0.25123333333333336,0.0035367907612536107,0.3333333333333333
'1110',0.2528333333333333,0.0014197026292698052,0.3333333333333333
'1001',0.25166666666666665,0.003007028803025047,0.2222222222222222
'0110',0.24426666666666666,0.005991846311632347,0.2222222222222222
