states,flag,Avg0,SD0,frust0
'1001',1,0.29529999999999995,0.0034322004603461022,0.2222222222222222
'0110',1,0.29146666666666665,0.0014522013940527962,0.2222222222222222
'0010',1,0.2038333333333333,0.0021312489817527746,0.4444444444444444
'1101',1,0.2094,0.006435837163881632,0.4444444444444444
