states,Avg0,SD0,frust0
'0110',0.29656666666666665,0.004959390643572624,0.2222222222222222
'1100',0.20723333333333335,0.004700590979393499,0.4444444444444444
'1001',0.29273333333333335,0.003840428216864472,0.2222222222222222
'0011',0.20346666666666668,0.005244891694676727,0.4444444444444444
