states,Avg0,SD0,frust0
'0111',0.2873,0.0037478882943154444,0.4444444444444444
'1000',0.29196666666666665,0.0038212854149123885,0.4444444444444444
'1100',0.21073333333333336,0.0016779617264871011,0.4444444444444444
'0011',0.21,0.0023551362310207575,0.4444444444444444
