states,Avg0,SD0,frust0
'0110',0.5044666666666667,0.006512210752800374,0.2222222222222222
'1001',0.4955333333333334,0.006512210752800407,0.2222222222222222
