states,Avg0,SD0,frust0
'1001',0.24866666666666667,0.0031899146627387366,0.2222222222222222
'0011',0.2526,0.0021924111536540405,0.4444444444444444
'1100',0.2511333333333333,0.0057308133997035875,0.4444444444444444
'0110',0.24760000000000001,0.0016753109164172057,0.2222222222222222
