states,Avg0,SD0,frust0
'0110',0.49333333333333335,0.006907162144389608,0.2222222222222222
'1001',0.5066666666666667,0.006907162144389632,0.2222222222222222
