"","Ecadherin","Iext","KEAP1","NRF2","SNAIL","ZEB","miR200","miR34"
"Ecadherin",1,-0.141381734304224,-1,0.0575420569808759,-0.371954251417717,-1,1,0.652158470523305
"Iext",-0.141381734304224,1,0.141381734304224,0.0044948717465708,0.541656976456776,0.141381734304224,-0.141381734304224,-0.261504081109481
"KEAP1",-1,0.141381734304224,1,-0.057542056980876,0.371954251417717,1,-1,-0.652158470523305
"NRF2",0.0575420569808759,0.0044948717465708,-0.057542056980876,1,-0.453829829548156,-0.057542056980876,0.0575420569808759,0.173621508442663
"SNAIL",-0.371954251417717,0.541656976456776,0.371954251417717,-0.453829829548156,1,0.371954251417717,-0.371954251417717,-0.719817003217319
"ZEB",-1,0.141381734304224,1,-0.057542056980876,0.371954251417717,1,-1,-0.652158470523305
"miR200",1,-0.141381734304224,-1,0.0575420569808759,-0.371954251417717,-1,1,0.652158470523305
"miR34",0.652158470523305,-0.261504081109481,-0.652158470523305,0.173621508442663,-0.719817003217319,-0.652158470523305,0.652158470523305,1
