"","Ecadherin","Iext","KEAP1","NRF2","SNAIL","ZEB","miR200","miR34"
"Ecadherin",1,-0.0218449969247667,-0.666218790589057,-1,0.214511648947153,-1,0.666218790589057,0.410036633334938
"Iext",-0.0218449969247667,1,0.176692202136459,0.0218449969247667,0.763650939610064,0.0218449969247667,-0.176692202136459,-0.13911642308233
"KEAP1",-0.666218790589057,0.176692202136459,1,0.666218790589057,0.119260044620822,0.666218790589057,-1,-0.518526501517024
"NRF2",-1,0.0218449969247667,0.666218790589057,1,-0.214511648947153,1,-0.666218790589057,-0.410036633334938
"SNAIL",0.214511648947153,0.763650939610064,0.119260044620822,-0.214511648947153,1,-0.214511648947153,-0.119260044620822,-0.375452835138406
"ZEB",-1,0.0218449969247667,0.666218790589057,1,-0.214511648947153,1,-0.666218790589057,-0.410036633334938
"miR200",0.666218790589057,-0.176692202136459,-1,-0.666218790589057,-0.119260044620822,-0.666218790589057,1,0.518526501517024
"miR34",0.410036633334938,-0.13911642308233,-0.518526501517024,-0.410036633334938,-0.375452835138406,-0.410036633334938,0.518526501517024,1
