"","Ecadherin","Iext","KEAP1","NRF2","SNAIL","ZEB","miR200","miR34"
"Ecadherin",1,-0.0127938810334076,-1,-0.172314572272807,-0.090237123717552,-1,1,0.459484854835634
"Iext",-0.0127938810334076,1,0.0127938810334076,0.00523018758708924,0.551105679365489,0.0127938810334076,-0.0127938810334076,-0.181847416388656
"KEAP1",-1,0.0127938810334076,1,0.172314572272807,0.090237123717552,1,-1,-0.459484854835634
"NRF2",-0.172314572272807,0.00523018758708924,0.172314572272807,1,-0.443650237992327,0.172314572272807,-0.172314572272807,0.0743989080650281
"SNAIL",-0.090237123717552,0.551105679365489,0.090237123717552,-0.443650237992327,1,0.090237123717552,-0.090237123717552,-0.630735674893842
"ZEB",-1,0.0127938810334076,1,0.172314572272807,0.090237123717552,1,-1,-0.459484854835634
"miR200",1,-0.0127938810334076,-1,-0.172314572272807,-0.090237123717552,-1,1,0.459484854835634
"miR34",0.459484854835634,-0.181847416388656,-0.459484854835634,0.0743989080650281,-0.630735674893842,-0.459484854835634,0.459484854835634,1
