"","Ecadherin","Iext","KEAP1","NRF2","SNAIL","ZEB","miR200","miR34"
"Ecadherin",1,-0.0187279739051108,-0.681520778181312,-0.238333622337239,-0.0827662563649454,-1,0.681520778181312,0.45771711638219
"Iext",-0.0187279739051108,1,0.179917857075054,-0.0143596232698092,0.554855354939415,0.0187279739051108,-0.179917857075054,-0.179933544974803
"KEAP1",-0.681520778181312,0.179917857075054,1,-0.0801217024315279,0.40123614293203,0.681520778181312,-1,-0.554768651093368
"NRF2",-0.238333622337239,-0.0143596232698092,-0.0801217024315279,1,-0.459491620348907,0.238333622337239,0.0801217024315279,0.0845127199329438
"SNAIL",-0.0827662563649454,0.554855354939415,0.40123614293203,-0.459491620348907,1,0.0827662563649454,-0.40123614293203,-0.625046737218547
"ZEB",-1,0.0187279739051108,0.681520778181312,0.238333622337239,0.0827662563649454,1,-0.681520778181312,-0.45771711638219
"miR200",0.681520778181312,-0.179917857075054,-1,0.0801217024315279,-0.40123614293203,-0.681520778181312,1,0.554768651093368
"miR34",0.45771711638219,-0.179933544974803,-0.554768651093368,0.0845127199329438,-0.625046737218547,-0.45771711638219,0.554768651093368,1
