"","Ecadherin","Iext","KEAP1","NRF2","SNAIL","ZEB","miR200","miR34"
"Ecadherin",1,0.00308260874496428,-0.00693355648303702,-0.62567329341296,0.262504242084939,-0.226307071822845,0.00693355648303703,-0.000878000137701115
"Iext",0.00308260874496428,1,0.154013737466637,-0.0434751577304932,0.491529950773897,0.0459404450716888,-0.154013737466637,-0.229887739606646
"KEAP1",-0.00693355648303702,0.154013737466637,1,-0.367384981682247,0.51513601667952,0.780616203476716,-1,-0.623448831594725
"NRF2",-0.62567329341296,-0.0434751577304932,-0.367384981682247,1,-0.551905249852051,-0.148044843834797,0.367384981682247,0.290318784960266
"SNAIL",0.262504242084939,0.491529950773897,0.51513601667952,-0.551905249852051,1,0.295790653133407,-0.51513601667952,-0.738372576001797
"ZEB",-0.226307071822845,0.0459404450716888,0.780616203476716,-0.148044843834797,0.295790653133407,1,-0.780616203476715,-0.557407936718217
"miR200",0.00693355648303703,-0.154013737466637,-1,0.367384981682247,-0.51513601667952,-0.780616203476715,1,0.623448831594725
"miR34",-0.000878000137701115,-0.229887739606646,-0.623448831594725,0.290318784960266,-0.738372576001797,-0.557407936718217,0.623448831594725,1
