"","Ecadherin","Iext","KEAP1","NRF2","SNAIL","ZEB","miR200","miR34"
"Ecadherin",1,-0.157860054721651,-1,-0.00598972547207383,-0.354571397456178,-1,1,0.648488337400557
"Iext",-0.157860054721651,1,0.157860054721651,0.000998401057105291,0.553227602710788,0.157860054721651,-0.157860054721651,-0.259306681031743
"KEAP1",-1,0.157860054721651,1,0.00598972547207379,0.354571397456178,1,-1,-0.648488337400557
"NRF2",-0.00598972547207383,0.000998401057105291,0.00598972547207379,1,-0.445775082662877,0.00598972547207379,-0.00598972547207383,0.151857012520903
"SNAIL",-0.354571397456178,0.553227602710788,0.354571397456178,-0.445775082662877,1,0.354571397456178,-0.354571397456178,-0.706080715450616
"ZEB",-1,0.157860054721651,1,0.00598972547207379,0.354571397456178,1,-1,-0.648488337400557
"miR200",1,-0.157860054721651,-1,-0.00598972547207383,-0.354571397456178,-1,1,0.648488337400557
"miR34",0.648488337400557,-0.259306681031743,-0.648488337400557,0.151857012520903,-0.706080715450616,-0.648488337400557,0.648488337400557,1
