states,flag,Avg0,SD0,frust0
'11001',0,0.25043333333333334,0.001915434386474494,0.18181818181818182
'10001',0,0.2544333333333333,0.005443242497711165,0.2727272727272727
'01110',0,0.24580000000000002,0.003550586805961318,0.2727272727272727
'00110',0,0.24933333333333332,0.0034315529364349886,0.18181818181818182
