states,flag,Avg0,SD0,frust0
'00110',1,0.30206666666666665,0.002007209228976606,0.18181818181818182
'11001',1,0.3043666666666667,0.004120140234938072,0.18181818181818182
'11100',1,0.1986,0.002273030282830978,0.36363636363636365
'00011',1,0.19496666666666665,0.004309163362984615,0.36363636363636365
