states,flag,Avg0,SD0,frust0
'11001',0,0.24673333333333333,0.00316473625371144,0.18181818181818182
'10001',0,0.25320000000000004,0.005104899607240089,0.2727272727272727
'01110',0,0.25289999999999996,0.002736177382164144,0.2727272727272727
'00110',0,0.24716666666666667,0.0031351058816073275,0.18181818181818182
