states,flag,Avg0,SD0,frust0
'00110',1,0.30333333333333334,0.00046427960923946335,0.18181818181818182
'00011',1,0.19910000000000003,0.0029799328851502676,0.36363636363636365
'11001',1,0.30173333333333335,0.0042773304239391696,0.18181818181818182
'11100',1,0.19583333333333333,0.002379542439676628,0.36363636363636365
