states,flag,Avg0,SD0,frust0
'11000',1,0.4999,0.005119244735961222,0.36363636363636365
'00111',1,0.5001,0.005119244735961222,0.36363636363636365
