states,flag,Avg0,SD0,frust0
'00010',0,0.09303333333333334,0.0034922135609890105,0.36363636363636365
'01110',0,0.15696666666666667,0.0055071670474835755,0.2727272727272727
'10001',0,0.15643333333333334,0.0029032548783888877,0.2727272727272727
'11001',0,0.1583,0.0012961481396815706,0.18181818181818182
'10101',0,0.09146666666666665,0.00368902275526851,0.45454545454545453
'00110',0,0.15636666666666665,0.005255050480780899,0.18181818181818182
'11101',0,0.09283333333333332,0.0010873004286866713,0.36363636363636365
'01010',0,0.0946,0.0019200694431886264,0.45454545454545453
