states,Avg0,SD0,frust0
'11100',0.20943333333333336,0.004239758902998562,0.36363636363636365
'00110',0.2929333333333333,0.005402057221302102,0.18181818181818182
'00011',0.2099,0.0022449944320643697,0.36363636363636365
'11001',0.28773333333333334,0.0030641293851417085,0.18181818181818182
