states,flag,Avg0,SD0,frust0
'00110',0,0.16069999999999998,0.00418170619085878,0.18181818181818182
'10101',0,0.08516666666666667,0.0011115554667022064,0.45454545454545453
'01110',0,0.16513333333333333,0.004768181577452307,0.2727272727272727
'01010',0,0.0887,0.002624245923435276,0.45454545454545453
'11001',0,0.16443333333333332,0.0027207025236549243,0.18181818181818182
'10001',0,0.1606,0.0009416297927883596,0.2727272727272727
'00010',0,0.08786666666666666,0.002763250903475026,0.36363636363636365
'11101',0,0.08739999999999999,0.002628053779256938,0.36363636363636365
