states,Avg0,SD0,frust0
'00111',0.30656666666666665,0.00012472191289245098,0.36363636363636365
'11000',0.30693333333333334,0.007232488429917386,0.36363636363636365
'00011',0.19416666666666668,0.002174600857373348,0.36363636363636365
'11100',0.19233333333333333,0.005397736150976218,0.36363636363636365
