states,flag,Avg0,SD0,frust0
'11000',1,0.10266666666666667,0.0007760297817881873,0.36363636363636365
'00110',1,0.20456666666666667,0.002344260129668965,0.18181818181818182
'11001',1,0.2023,0.004144876355212537,0.18181818181818182
'11100',1,0.1895,0.0036986484017813882,0.36363636363636365
'00011',1,0.19863333333333333,0.0006236095644623241,0.36363636363636365
'00111',1,0.10233333333333333,0.0035367907612536107,0.36363636363636365
