states,flag,Avg0,SD0,frust0
'00110',1,0.5013333333333333,0.0016519348924485188,0.18181818181818182
'11001',1,0.49866666666666665,0.0016519348924485169,0.18181818181818182
