states,Avg0,SD0,frust0
'10001',0.24939999999999998,0.002997776954122282,0.2727272727272727
'11001',0.24746666666666664,0.0028522895287041825,0.18181818181818182
'00110',0.25476666666666664,0.0006182412330330467,0.18181818181818182
'01110',0.24836666666666665,0.0006944222218666517,0.2727272727272727
