states,flag,Avg0,SD0,frust0
'01110',0,0.16169999999999998,0.002070426687102608,0.2727272727272727
'00110',0,0.15873333333333334,0.0032967997950874937,0.18181818181818182
'11001',0,0.16240000000000002,0.0016391054470859037,0.18181818181818182
'10001',0,0.16563333333333333,0.0014267289706021734,0.2727272727272727
'00010',0,0.08950000000000001,0.0006683312551921159,0.36363636363636365
'01010',0,0.08926666666666666,0.0015860503004493742,0.45454545454545453
'10101',0,0.0868,0.0033536050254415286,0.45454545454545453
'11101',0,0.08596666666666668,0.00018856180831641154,0.36363636363636365
