states,flag,Avg0,SD0,frust0
'00110',0,0.25220000000000004,0.003402939905434716,0.18181818181818182
'10001',0,0.2503666666666666,0.0010656244908763821,0.2727272727272727
'01110',0,0.24896666666666667,0.002517052950487054,0.2727272727272727
'11001',0,0.24846666666666664,0.0027956315128349002,0.18181818181818182
