states,flag,Avg0,SD0,frust0
'11100',1,0.20046666666666668,0.003306895153396241,0.36363636363636365
'00011',1,0.20156666666666667,0.002369716344956833,0.36363636363636365
'11001',1,0.2963,0.001854723699099134,0.18181818181818182
'00110',1,0.3016666666666667,0.001517307556898827,0.18181818181818182
