states,flag,Avg0,SD0,frust0
'11001',1,0.5011,0.0011045361017187184,0.18181818181818182
'00110',1,0.49889999999999995,0.0011045361017187167,0.18181818181818182
