states,Avg0,SD0,frust0
'11001',0.24596666666666667,0.0027010286106510547,0.18181818181818182
'00110',0.2527,0.0027471197037382076,0.18181818181818182
'01110',0.25003333333333333,0.0024984439601924806,0.2727272727272727
'10001',0.2513,0.0030430248109405925,0.2727272727272727
