states,flag,Avg0,SD0,frust0
'00011',1,0.18516666666666667,0.0024513035081133554,0.36363636363636365
'00110',1,0.31526666666666664,0.004269530289023478,0.18181818181818182
'11100',1,0.18116666666666667,0.001400793425963374,0.36363636363636365
'11001',1,0.3184,0.0042762912279996285,0.18181818181818182
