"","ZEB","SNAIL","OVOL2","OCT4","miR200","miR145","GRHL2"
"ZEB",-0.0982612590576575,0,0.0200822300513292,0.012969050763422,-0.0898194794175568,-0.0131124853702808,-0.00162045860755208
"SNAIL",-0.0797666974411083,0,-0.0647715646799376,-0.0971623474757715,0.0200583635534022,0.096859900404009,0.0798324724904395
"OVOL2",-0.0648500296203756,0,-0.0843303781402069,-0.072210461728911,-0.0216972657169805,0.0720132230701339,0.0647715646799376
"OCT4",0,0,0,0.141119465115981,-0.139395236600998,-0.141119465115981,0
"miR200",0.00162045860755208,0,0.0198703248307552,0.0133745059790505,-0.0898194794175568,-0.012969050763422,-0.00145737484179967
"miR145",-0.00432599433843239,0,-0.0159007121019894,-0.124776433838219,0.104538057339008,0.0244895721055739,0.0041979831665483
"GRHL2",0.00162045860755208,0,0.0198703248307552,0.0133745059790505,-0.0898194794175568,-0.012969050763422,-0.00145737484179967
