"","ZEB","miR200","OVOL2","miR145","GRHL2","OCT4"
"ZEB",-0.0745783216996439,-0.0229010641446421,-0.021210854203114,-0.0122002364222696,-0.00812674386991122,0.0341196522522344
"OVOL2",-0.0287650480860585,-0.0404458316628451,-0.04053158342028,0.0535875810126545,0.0527539203308691,-0.0234459277940782
"miR200",-0.00812674386991122,0.0464814639323654,0.0441158821360749,0.0341196522522344,0.0287790789329209,-0.00842853540741315
"GRHL2",-0.00812674386991122,0.0464814639323654,0.0441158821360749,0.0341196522522344,0.0287790789329209,-0.00842853540741315
"miR145",-0.00448118642807315,0.083473460126211,-0.0307267652105854,0.103083897858159,-0.0117296828841577,-0.223049474450241
"OCT4",0,-0.139395236600998,0,-0.141119465115981,0,0.141119465115981
