"","miR200","ZEB","miR145","GRHL2","OCT4","OVOL2"
"OVOL2",-0.0547002998410536,-0.137855704360424,0.153510866030263,0.137877103889635,-0.153349488945809,0.0643702171229339
"ZEB",-0.110565172577984,-0.102017049345008,-0.0059506204158418,0.00222790046354757,0.0065895563918491,0.1032119356356
"miR200",-0.110883587578869,-0.00222790046354757,-0.0065895563918491,0.00179795235383667,0.00537319074496373,0.103366048523291
"OCT4",-0.139395236600998,0,-0.141119465115981,0,0.141119465115981,0
"GRHL2",0.110883587578869,0.00222790046354757,0.0065895563918491,-0.00179795235383667,-0.00537319074496373,-0.103366048523291
"miR145",0.116782095036862,0.00520550952979154,0.0111355610844904,-0.00486802553118803,-0.110160231193498,-0.102126300936838
