"","ZEB","miR200","OVOL2","miR145","OCT4","GRHL2"
"ZEB",-0.087168149932184,-0.0293424058036668,-0.0268677105179936,-0.00143197025803098,0.00144500976774542,0.0128267073576077
"miR200",-0.0128267073576077,0.0294308544150236,0.0269640310728,0.00144500976774542,-0.00140815020268829,-0.0128415331544943
"GRHL2",-0.0128267073576077,0.0294308544150236,0.0269640310728,0.00144500976774542,-0.00140815020268829,-0.0128415331544943
"miR145",-0.00799598371989378,0.010912777901,0.0199893585926935,-0.0894007966776846,-0.0105992033223155,-0.00800762109915597
"OCT4",0,-0.0713101302180192,0,0.0724726004295126,-0.0724726004295126,0
"OVOL2",0.0747866896545588,-0.0928321302432365,-0.0890917965233529,-0.0674638848160431,0.0674459540288815,0.0747938228309622
