"","ZEB","SNAIL","OVOL2","OCT4","miR200","miR145","GRHL2"
"ZEB",-0.0992053824297205,0,-0.020505221913923,0.0097190414134348,0.0955799561618283,-0.00777615446598403,0.000197925499918505
"SNAIL",-0.0178677414073696,0,0.0351979507827551,-0.0192836961317151,-0.164831913384088,0.0227205946744701,0.0196436677393143
"OVOL2",-0.0326656731595295,0,-0.0557364652755647,-0.0306916680788971,-0.0841638408021787,0.035586772974002,0.0351979507827551
"OCT4",-0.0097190414134348,0,0.0210627638999977,0.159069559860035,0.065318095562,-0.164996902116249,0.00673341664380709
"miR200",0.000197925499918505,0,0.0227205946744701,-0.00673341664380709,-0.0957922328290846,0.0097190414134348,0.00135878317317267
"miR145",0.0125726129319319,0,-0.027036256500232,-0.202880689523287,0.00613816971803538,0.0986351358801435,-0.0148186271295346
"GRHL2",0.000197925499918505,0,0.0227205946744701,-0.00673341664380709,-0.0957922328290846,0.0097190414134348,0.00135878317317267
