"","ZEB","SNAIL","OVOL2","OCT4","miR200","miR145","GRHL2"
"ZEB",0,0,0,0.1,0,0,0
"SNAIL",0.142752312008913,0,-0.13186531320681,0.155382391115685,-0.243645076844627,-0.204571283059595,0.19063654792209
"OVOL2",0,0,0,0,0,0.1,-0.1
"OCT4",0.1,0,0,0.2,-0.1,-0.1,0
"miR200",0,0,0.1,0,0.1,0.1,-0.1
"miR145",0,0,0.1,-0.1,0.1,0.1,-0.1
"GRHL2",0,0,-0.1,0,-0.1,-0.1,0.1
