"","ZEB","SNAIL","OVOL2","OCT4","miR200","miR145","GRHL2"
"ZEB",-0.0674771639180134,0,-0.0348391125977473,0.0131434029554776,0.0173025313910338,-0.00958361680343688,-0.0290103650097315
"SNAIL",-0.033384558740644,0,0.0465607288690319,-0.0194203460643437,-0.135282470384198,0.0250568596744619,0.0389973629502472
"OVOL2",-0.0882004291215188,0,-0.0317712509327809,-0.0774851286825615,0.0392493761860198,0.0799416465236948,0.090632842275096
"OCT4",0,0,0,-0.0724726004295126,-0.0713101302180192,0.0724726004295126,0
"miR200",-0.0290103650097315,0,0.0414081744355434,-0.00809364254265044,-0.0227332761283415,0.0131434029554776,0.0340659617480562
"miR145",-0.014246447597872,0,0.0294197409735073,-0.00814965112744666,0.080167209894423,-0.0879490293085832,0.0182147939262789
"GRHL2",-0.0290103650097315,0,0.0414081744355434,-0.00809364254265044,-0.0227332761283415,0.0131434029554776,0.0340659617480562
