"","ZEB","SNAIL","OVOL2","OCT4","miR200","miR145","GRHL2"
"ZEB",-0.0790793437659452,0,0.0291566471159772,-0.0101254064350676,0.0325213964988539,-0.00823467752647456,-0.0195578380288607
"SNAIL",-0.0256967128328968,0,-0.0377121433595547,0.0168905665594016,-0.137493153563897,0.0187877345550023,0.0279111394937168
"OVOL2",-0.036549435605792,0,-0.0727446907473724,0.0311523087341264,-0.0724359102780367,0.0313854089672266,0.0377121433595547
"OCT4",0.0101254064350676,0,0.0208935609208392,-0.04364599675947,-0.081357543177648,-0.0419251554592788,-0.00787697296658252
"miR200",-0.0195578380288607,0,-0.0306785118819182,0.00787697296658252,-0.0339896434473769,0.0101254064350676,0.0218261849525078
"miR145",-0.00104413519619969,0,-0.0152966376253493,0.0101322477372682,-0.00966855576575034,-0.0878023477876888,0.00263845615511974
"GRHL2",-0.0195578380288607,0,-0.0306785118819182,0.00787697296658252,-0.0339896434473769,0.0101254064350676,0.0218261849525078
