"","OVOL2","ZEB","GRHL2","miR145","OCT4","miR200"
"OVOL2",0.254528508771111,-0.0882004291215188,0.090632842275096,0.0799416465236948,-0.0774851286825615,-0.246606524239655
"ZEB",-0.143954865725035,-0.0674771639180134,-0.0290103650097315,-0.00958361680343688,0.0131434029554776,0.128849000276968
"miR200",0.146112446152699,-0.0290103650097315,0.0340659617480562,0.0131434029554776,-0.00809364254265044,-0.130228798614134
"GRHL2",0.146112446152699,-0.0290103650097315,0.0340659617480562,0.0131434029554776,-0.00809364254265044,-0.130228798614134
"miR145",0.135245475612984,-0.014246447597872,0.0182147939262789,-0.0879490293085832,-0.00814965112744666,-0.029681346204553
"OCT4",0,0,0,0.0724726004295126,-0.0724726004295126,-0.0713101302180192
