"","GRHL2","OVOL2","SNAIL","ZEB","miR200"
"GRHL2",1,0.00416305255153241,-1,-1,1
"OVOL2",0.00416305255153241,1,-0.00416305255153241,-0.00416305255153241,0.00416305255153241
"SNAIL",-1,-0.00416305255153241,1,1,-1
"ZEB",-1,-0.00416305255153241,1,1,-1
"miR200",1,0.00416305255153241,-1,-1,1
