"","GRHL2","OVOL2","SNAIL","ZEB","miR200"
"GRHL2",1,0.00640984533985473,-1,-1,1
"OVOL2",0.00640984533985473,1,-0.00640984533985473,-0.00640984533985473,0.00640984533985473
"SNAIL",-1,-0.00640984533985473,1,1,-1
"ZEB",-1,-0.00640984533985473,1,1,-1
"miR200",1,0.00640984533985473,-1,-1,1
