"Nature","Strength","Type","Node"
"P",0.639970426220508,"TS","miR200,miR200"
"N",0.61578025538855,"NF","miR200,miR145"
"N",0.46370662721347,"NF","miR200,OCT4"
"N",0.588757697318969,"NF","miR200,ZEB"
"P",0.591590084556592,"DA","miR145,miR145"
"P",0.539850220039058,"TS","miR145,OCT4"
"P",0.564391924317079,"TS","miR145,ZEB"
"P",0.290308157719326,"DA","OCT4,OCT4"
"P",0.319985213110254,"NF","OCT4,ZEB"
"P",0.336330089050046,"DA","ZEB,ZEB"
