states,flag,Avg0,SD0,frust0
'0001001100',1,0.25106666666666666,0.0034499597421161587,0.22727272727272727
'1110110011',1,0.24473333333333333,0.0006182412330330517,0.22727272727272727
'1100110011',1,0.2534,0.0018384776310850304,0.18181818181818182
'0011001100',1,0.25079999999999997,0.0025019992006393636,0.18181818181818182
