states,flag,Avg0,SD0,frust0
'0000100111',1,0.162,0.002146314670934028,0.2727272727272727
'1100110011',1,0.22163333333333335,0.001189771219838322,0.18181818181818182
'0010100111',1,0.04106666666666667,0.002948822740612864,0.3181818181818182
'1110110011',1,0.0786,0.0012027745701779142,0.22727272727272727
'0011001100',1,0.21720000000000003,0.003244482495971694,0.18181818181818182
'1111011000',1,0.16176666666666664,0.003296799795087484,0.2727272727272727
'0001001100',1,0.07883333333333332,0.002701028610651053,0.22727272727272727
'1101011000',1,0.0389,0.0025139610179953057,0.3181818181818182
