states,Avg0,SD0,frust0
'1101010001',0.2798,0.005052392172690734,0.2727272727272727
'0010101110',0.2759333333333333,0.0019703355608175687,0.2727272727272727
'1111011000',0.22303333333333333,0.001820866704499689,0.2727272727272727
'0000100111',0.2212333333333333,0.005249973544906896,0.2727272727272727
