states,flag,Avg0,SD0,frust0
'0000100110',0,0.12480000000000001,0.0007874007874011801,0.3181818181818182
'1111011001',0,0.12286666666666667,0.0014383632673594263,0.3181818181818182
'0000101110',0,0.1255,0.003550586805961325,0.3181818181818182
'0010100110',0,0.12343333333333334,0.0013021349989749767,0.36363636363636365
'1101011001',0,0.1255,0.0039656861533241255,0.36363636363636365
'0010101110',0,0.12603333333333333,0.003103045099396539,0.2727272727272727
'1101010001',0,0.12503333333333333,0.0023213980461973555,0.2727272727272727
'1111010001',0,0.12683333333333335,0.0043987371925234275,0.3181818181818182
