states,Avg0,SD0,frust0
'1100110011',0.25780000000000003,0.0020461345670963766,0.18181818181818182
'0011001100',0.2603,0.000909212113132384,0.18181818181818182
'1111011000',0.24196666666666666,0.003077155974091809,0.2727272727272727
'0000100111',0.23993333333333333,0.0038577483357811436,0.2727272727272727
