states,flag,Avg0,SD0,frust0
'1100110011',1,0.24983333333333332,0.0037249906785864003,0.18181818181818182
'0000100110',1,0.25323333333333337,0.0038438984840335633,0.3181818181818182
'0011001100',1,0.2538666666666667,0.0021312489817527642,0.18181818181818182
'1111011001',1,0.24306666666666668,0.0025249862485874183,0.3181818181818182
