states,Avg0,SD0,frust0
'0000100110',0.12616666666666668,0.0005436502143433287,0.3181818181818182
'1110110011',0.1174,0.0041044691089916485,0.22727272727272727
'0011001100',0.26023333333333337,0.005603173703853517,0.18181818181818182
'1100110011',0.26163333333333333,0.00434383343245214,0.18181818181818182
'0001001100',0.11653333333333334,0.004516881913690262,0.22727272727272727
'1111011001',0.11803333333333332,0.002876726534718856,0.3181818181818182
