states,Avg0,SD0,frust0
'1101011000',0.09910000000000001,0.0029131884021921153,0.3181818181818182
'0011001100',0.14766666666666667,0.0010208928554075712,0.18181818181818182
'1110110011',0.14913333333333334,0.00283352940498045,0.22727272727272727
'0010100111',0.09913333333333334,0.0032765157645821834,0.3181818181818182
'0000100111',0.10099999999999999,0.0005099019513592803,0.2727272727272727
'1100110011',0.15253333333333333,0.00044969125210773183,0.18181818181818182
'0001001100',0.15373333333333336,0.0013123346456686365,0.22727272727272727
'1111011000',0.09770000000000001,0.0017568911937472576,0.2727272727272727
