states,Avg0,SD0,frust0
'0011001100',0.24923333333333333,0.0029044027881055872,0.18181818181818182
'0001001100',0.12266666666666666,0.003086889840744054,0.22727272727272727
'1100110011',0.2572666666666667,0.004891716354091773,0.18181818181818182
'1110110011',0.12336666666666667,0.0032561053764001975,0.22727272727272727
'1110111011',0.12373333333333332,0.0015282524515130168,0.4090909090909091
'0001000100',0.12373333333333335,0.0037187214051188125,0.4090909090909091
