states,flag,Avg0,SD0,frust0
'0011001100',1,0.2567333333333333,0.004102302876298732,0.18181818181818182
'1110110011',1,0.24356666666666668,0.0035443225336052988,0.22727272727272727
'1100110011',1,0.25193333333333334,0.0059634069307923495,0.18181818181818182
'0001001100',1,0.24776666666666666,0.00449913571947128,0.22727272727272727
