states,flag,Avg0,SD0,frust0
'0011001100',0,0.16246666666666668,0.0013888444437333166,0.18181818181818182
'0001001100',0,0.0882,0.004042276586281552,0.22727272727272727
'1100100011',0,0.16093333333333334,0.0016213848676020386,0.22727272727272727
'1110110011',0,0.0888,0.001283225103661344,0.22727272727272727
'1100110011',0,0.1658666666666667,0.0019154343864744886,0.18181818181818182
'0011011100',0,0.1627666666666667,0.002414309194964244,0.22727272727272727
'0001011100',0,0.08489999999999999,0.000979795897113271,0.2727272727272727
'1110100011',0,0.08606666666666667,0.0010338708279513877,0.2727272727272727
