states,Avg0,SD0,frust0
'1100010011',0.25593333333333335,0.00044969125210773047,0.22727272727272727
'0000100111',0.2464666666666667,0.004161196409153924,0.2727272727272727
'0011101100',0.2563,0.004846304433964792,0.22727272727272727
'1111011000',0.2413,0.0016062378404209075,0.2727272727272727
