states,Avg0,SD0,frust0
'1100010011',0.2489666666666667,0.006626378263341818,0.22727272727272727
'0011111100',0.2502666666666667,0.0031329787033357796,0.2727272727272727
'0011101100',0.24936666666666665,0.006744050876307365,0.22727272727272727
'1100000011',0.2514,0.0023280893453645783,0.2727272727272727
