states,Avg0,SD0,frust0
'0000100111',0.24856666666666669,0.0026712460679532333,0.2727272727272727
'0010100111',0.24959999999999996,0.0011775681155103662,0.3181818181818182
'1101011000',0.2494666666666667,0.002315647257727795,0.3181818181818182
'1111011000',0.2523666666666667,0.0017152907107024732,0.2727272727272727
