states,flag,Avg0,SD0,frust0
'0000100110',1,0.2128,0.0018832595855767446,0.3181818181818182
'1111011001',1,0.20856666666666665,0.00046427960923946666,0.3181818181818182
'1100110011',1,0.2880666666666667,0.006656492236072149,0.18181818181818182
'0011001100',1,0.29056666666666664,0.006151603223731374,0.18181818181818182
