states,flag,Avg0,SD0,frust0
'0011011100',0,0.24993333333333334,0.0025694789787469073,0.22727272727272727
'0011001100',0,0.25179999999999997,0.004042276586281533,0.18181818181818182
'1100100011',0,0.24703333333333333,0.004087650778734531,0.22727272727272727
'1100110011',0,0.2512333333333333,0.0028522895287041877,0.18181818181818182
