states,flag,Avg0,SD0,frust0
'1100110011',0,0.12433333333333334,0.003231442746239237,0.18181818181818182
'0000100111',0,0.12253333333333333,0.0008178562764256907,0.2727272727272727
'0000110111',0,0.12483333333333335,0.0026411277052720457,0.4090909090909091
'1111001000',0,0.12533333333333332,0.00280158685192676,0.4090909090909091
'0011001100',0,0.12946666666666665,0.0008993825042154725,0.18181818181818182
'1111011000',0,0.12546666666666667,0.002641127705272039,0.2727272727272727
'0011011100',0,0.12430000000000001,0.0007071067811865482,0.22727272727272727
'1100100011',0,0.12373333333333332,0.00468354092066628,0.22727272727272727
