states,flag,Avg0,SD0,frust0
'0011101100',0,0.25283333333333335,0.004224005471376926,0.22727272727272727
'0011111100',0,0.2521,0.002847220867208353,0.2727272727272727
'1100010011',0,0.24463333333333334,0.0049935513971076165,0.22727272727272727
'1100000011',0,0.25043333333333334,0.0038870154217457023,0.2727272727272727
