states,flag,Avg0,SD0,frust0
'1111011000',1,0.18499999999999997,0.0011343133018115628,0.2727272727272727
'0001001100',1,0.0657,0.0015121728296284985,0.22727272727272727
'1100110011',1,0.19340000000000002,0.0017454703282114693,0.18181818181818182
'0011001100',1,0.19440000000000002,0.0020848661028149093,0.18181818181818182
'1110110011',1,0.06293333333333333,0.0009568466729604856,0.22727272727272727
'1101011000',1,0.05603333333333333,0.0028534579412043595,0.3181818181818182
'0000100111',1,0.18963333333333332,0.002842924941362721,0.2727272727272727
'0010100111',1,0.0529,0.0018672618098881247,0.3181818181818182
