"","NRF2","miR200","ZEB","miR34","GRHL2","Ecad","OVOL2","SNAIL","KEAP1"
"ZEB",-0.115181971369671,-0.107302256568417,-0.0824850410205569,-0.0290935128501782,-0.0173026588401212,-0.0173026588401212,0.0294029500857799,0.0882454079379791,0.107522111126171
"OVOL2",-0.011160459414118,-0.0439055326802298,-0.0376633710337695,0.0389728756729146,0.0382049859406018,0.0382049859406018,-0.0739723188043997,-0.058934495687886,0.0445723681660068
"SNAIL",-0.013362497044581,-0.044134324906847,-0.0371393906350341,-0.0567047783748381,0.038243143394416,0.038243143394416,-0.0435157912408177,-0.0514414292663418,0.0453933431555384
"KEAP1",-0.113783733622264,-0.0435259896462017,-0.0366129146568955,-0.0546677522025252,0.0390687857236645,0.0390687857236645,-0.0451164006575671,0.0520805750026849,0.0462603646462017
"miR200",0.215889161726956,0.113298997523971,-0.013578000784149,0.0333865791366261,0.0142360784558517,0.0142360784558517,-0.0289077889044337,-0.0762103021934525,-0.212559655066837
"Ecad",0.214499215867577,0.128832078750732,-0.0106371771680159,0.112555695469977,0.0104138204354058,0.0104138204354058,-0.0229953537350025,-0.12246388276239,-0.129062212769955
"GRHL2",-0.115124312326812,-0.107522111126171,0.0173026588401212,-0.0294592431435406,-0.0176651966044716,-0.0176651966044716,0.0296998862445057,0.08788488517998,0.107094833737691
"NRF2",0.0128313526698827,0.0453933431555384,0.038243143394416,0.0599620438322206,-0.0366129146568955,-0.0366129146568955,0.0410999227996886,-0.043323633524684,-0.0435259896462017
"miR34",0.0128313526698827,0.0453933431555384,0.038243143394416,0.0599620438322206,-0.0366129146568955,-0.0366129146568955,0.0410999227996886,-0.043323633524684,-0.0435259896462017
