"","OVOL2","miR200","ZEB"
"miR200",0.19375,0.19375,-0.48125
"OVOL2",-0.09375,-0.09375,0.19375
"ZEB",-0.19375,-0.19375,0.3875
