"Nature","Strength","Type","Node"
"P",0.662457444516268,"DA","GRHL2,GRHL2"
"P",0.354157237175733,"DA","GRHL2,OVOL2"
"P",0.666093808152632,"TS","GRHL2,ZEB"
"N",0.491228722258134,"NF","GRHL2,miR200"
"P",0.0257213952583258,"DA","OVOL2,OVOL2"
"P",0.355644402609186,"TS","OVOL2,ZEB"
"N",0.172860697629163,"NF","OVOL2,miR200"
"P",0.468340999163868,"DA","ZEB,ZEB"
"N",0.493721061379687,"NF","ZEB,miR200"
"P",0.32,"TS","miR200,miR200"
