"Nature","Strength","Type","Node"
"P",0.37019314019314,"DA","miR200,miR200"
"P",0.85192178346304,"DA","miR200,GRHL2"
"N",0.793585243141662,"NF","miR200,OVOL2"
"P",0.895649520485975,"TS","miR200,ZEB"
"P",1.33365042673294,"DA","GRHL2,GRHL2"
"P",1.04603590937109,"DA","GRHL2,OVOL2"
"P",1.41027852590649,"TS","GRHL2,ZEB"
"P",0.993879799105096,"DA","OVOL2,OVOL2"
"P",1.10510896384014,"TS","OVOL2,ZEB"
"P",1.27802249762724,"DA","ZEB,ZEB"
