"Nature","Strength","Type","Node"
"P",0.599704742129458,"DA","miR200,miR200"
"P",0.985252905262148,"DA","miR200,GRHL2"
"P",0.741053130189809,"DA","miR200,OVOL2"
"P",1.04459976365924,"TS","miR200,ZEB"
"P",1.37080106839484,"DA","GRHL2,GRHL2"
"P",0.985252905262148,"DA","GRHL2,OVOL2"
"P",1.4575351552479,"TS","GRHL2,ZEB"
"P",0.599704742129458,"DA","OVOL2,OVOL2"
"P",1.04459976365924,"TS","OVOL2,ZEB"
"P",1.3375351552479,"DA","ZEB,ZEB"
