states,Avg0,SD0,frust0
'01010101100000011111',0.2576333333333333,0.0009741092797468429,0.025
'10101110011111100000',0.23883333333333334,0.0014613540144521881,0.05
'10101010011111100000',0.26366666666666666,0.0007760297817881929,0.025
'01010001100000011111',0.23986666666666667,0.0016357125528513629,0.05
