states,flag,Avg0,SD0,frust0
'10101110011111100000',1,0.23623333333333332,0.0034344658326376756,0.05
'10101010011111100000',1,0.2654,0.0031496031496047205,0.025
'01010001100000011111',1,0.23486666666666667,0.005107075701634178,0.05
'01010101100000011111',1,0.2635,0.0029810512687081948,0.025
