states,Avg0,SD0,frust0
'01010101100000011111',0.17856666666666665,0.0027932458220182176,0.025
'01010001100000011111',0.12843333333333332,0.002821740991342448,0.05
'01100001101001001001',0.11253333333333333,0.0017211107524567422,0.2
'10101110011111100000',0.12833333333333333,0.00041096093353126486,0.05
'10011110010110110110',0.1151,0.001845715759987614,0.2
'10011010010110110110',0.07946666666666667,0.002584999462712173,0.225
'01100101101001001001',0.08043333333333334,0.0020072092289766114,0.225
'10101010011111100000',0.17713333333333334,0.004506538459714822,0.025
