states,flag,Avg0,SD0,frust0
'10101010011111100000',1,0.26303333333333334,0.0011323525167641964,0.025
'01010001100000011111',1,0.08536666666666666,0.0009285592184789444,0.05
'10101110011111100000',1,0.084,0.0012569805089976548,0.05
'01010101100000011111',1,0.2652666666666667,0.0004642796092394886,0.025
'01100001101001001011',1,0.1529,0.003335665850571161,0.225
'10011110010110110100',1,0.14943333333333333,0.0068241401574769,0.225
