states,Avg0,SD0,frust0
'10101010011111100000',0.2648,0.003395094500402999,0.025
'01010101100000011111',0.2634,0.0012832251036613482,0.025
'01010001100000011111',0.17486666666666664,0.002584999462712173,0.05
'10101110010101111100',0.0617,0.0025573423705088846,0.275
'10101110011111100000',0.17533333333333334,0.0035612107803698143,0.05
'01010001101010000011',0.0599,0.0007788880963698625,0.275
