states,flag,Avg0,SD0,frust0
'10101110011111100000',1,0.25456666666666666,0.001228368384845869,0.05
'01010101100000011111',1,0.2530333333333334,0.0015173075568988101,0.025
'01010001100000011111',1,0.24549999999999997,0.002426245384677036,0.05
'10101010011111100000',1,0.24689999999999998,0.0023338094752285645,0.025
