states,flag,Avg0,SD0,frust0
'01010001100000011111',1,0.22913333333333333,0.0013912424503139413,0.05
'10101010011111100000',1,0.2706,0.0016391054470858996,0.025
'01010101100000011111',1,0.26933333333333337,0.0022425184255405574,0.025
'10101110011111100000',1,0.23093333333333332,0.0014290634073484024,0.05
