states,flag,Avg0,SD0,frust0
'10101010011111100000',1,0.2573666666666667,0.0013572848714334983,0.025
'10101110011111100000',1,0.2444666666666667,0.004496912521077364,0.05
'01010101100000011111',1,0.26166666666666666,0.005007549855523713,0.025
'01010001100000011111',1,0.23650000000000002,0.0010614455552060385,0.05
