states,flag,Avg0,SD0,frust0
'01010101101000011011',1,0.09373333333333334,0.0008993825042154691,0.15
'01010101100000011111',1,0.16666666666666666,0.0023612614331233127,0.025
'10011110010100110110',1,0.08663333333333334,0.0020499322482029026,0.25
'01100001101011001001',1,0.08366666666666667,0.004406308608751272,0.25
'10101010011111100000',1,0.16656666666666667,0.004199470866139628,0.025
'01010001100000011111',1,0.15333333333333335,0.0018445113776342575,0.05
'10101110011111100000',1,0.15380000000000002,0.0007483314773547874,0.05
'10101010010111100100',1,0.0956,0.0055371472799628525,0.15
