states,flag,Avg0,SD0,frust0
'10101110011111100000',1,0.17543333333333333,0.003795025984393543,0.05
'10101010011111100000',1,0.1744,0.00418170619085878,0.025
'01110101101011000011',1,0.07696666666666667,0.003429609631171195,0.275
'01010001100000011111',1,0.17633333333333334,0.004479087208597562,0.05
'10001010010100111100',1,0.0765,0.0029709706606876256,0.275
'01010101100000011111',1,0.1691666666666667,0.001309792180292559,0.025
'10001110010100111100',1,0.07416666666666667,0.002082199691565525,0.25
'01110001101011000011',1,0.07703333333333333,0.0019362047641943512,0.25
