states,Avg0,SD0,frust0
'01010101100000011111',0.26986666666666664,0.00540637483799348,0.025
'01010001100000011111',0.2323666666666667,0.002251419305435762,0.05
'10101110011111100000',0.23206666666666664,0.00511620519091598,0.05
'10101010011111100000',0.26570000000000005,0.0027067816067549086,0.025
