states,flag,Avg0,SD0,frust0
'01010001100000011111',1,0.24926666666666666,0.0006649979114419867,0.05
'10101110011111100000',1,0.2526,0.004610856753359398,0.05
'10101010011111100000',1,0.2467,0.0038444765573482182,0.025
'01010101100000011111',1,0.25143333333333334,0.0015627610892974763,0.025
