states,flag,Avg0,SD0,frust0
'01010001100000011111',1,0.08389999999999999,0.0008640987597877159,0.05
'01010101100000011111',1,0.19566666666666666,0.003013672547278853,0.025
'10011110010100111110',1,0.15983333333333336,0.0021312489817527746,0.225
'10101010011111100000',1,0.1958,0.0037850583438920277,0.025
'01100001101011000001',1,0.15683333333333335,0.0019136933459209797,0.225
'10101110011111100000',1,0.08563333333333334,0.0011897712198383143,0.05
'10011010010100111110',1,0.06296666666666667,0.0032704060230429417,0.25
'01100101101011000001',1,0.05936666666666667,0.0033993463423951918,0.25
