states,flag,Avg0,SD0,frust0
'01100001101011001001',1,0.0927,0.0019510680835549187,0.25
'10101110011111100000',1,0.15473333333333333,0.002341414577178129,0.05
'10011010010100110110',1,0.07793333333333334,0.003582674358011845,0.275
'10101010011111100000',1,0.17190000000000003,0.0021275964529643976,0.025
'01010101100000011111',1,0.17416666666666666,0.001798765008430945,0.025
'01010001100000011111',1,0.15116666666666667,0.000339934634239516,0.05
'01100101101011001001',1,0.08183333333333333,0.0016996731711975965,0.275
'10011110010100110110',1,0.09556666666666667,0.003607707797973051,0.25
