states,flag,Avg0,SD0,frust0
'10101110011111100000',1,0.24783333333333335,0.0022291004663067306,0.05
'10101010011111100000',1,0.2544666666666667,0.0045762672804614685,0.025
'01010001100000011111',1,0.24393333333333334,0.005816260730820866,0.05
'01010101100000011111',1,0.25376666666666664,0.004478342947514805,0.025
