states,flag,Avg0,SD0,frust0
'10101010011111100000',1,0.2689,0.003965686153324113,0.025
'01010001100000011111',1,0.23770000000000002,0.0015121728296285043,0.05
'01010101100000011111',1,0.2637,0.0056961975621169225,0.025
'10101110011111100000',1,0.22970000000000002,0.001296148139681575,0.05
