"Nature","Strength","Type","Node"
"P",0.175819065917492,"TS","ZEB,ZEB"
"N",0.0520294619082357,"NF","ZEB,miR145"
"N",0.0196203355254968,"NF","ZEB,miR200"
"N",0.040661399969915,"NF","ZEB,OCT4"
"P",0.19377156602037,"DA","miR145,miR145"
"N",0.0388964324980584,"NF","miR145,miR200"
"P",0.343541958194279,"TS","miR145,OCT4"
"P",0.0149422512910866,"TS","miR200,miR200"
"N",0.140345239171146,"NF","miR200,OCT4"
"P",0.31262987494887,"DA","OCT4,OCT4"
