"Nature","Strength","Type","Node"
"P",0.161501196913085,"TS","ZEB,ZEB"
"P",0.0382059773182476,"TS","ZEB,GRHL2"
"N",0.0382059773182476,"NF","ZEB,miR200"
"P",0.0387924875821772,"DA","GRHL2,GRHL2"
"N",0.0387924875821772,"NF","GRHL2,miR200"
"P",0.0387924875821772,"TS","miR200,miR200"
