states,Avg0,SD0,frust0
'0111100',0.12666666666666668,0.0010873004286866693,0.25
'1010011',0.12363333333333333,0.001189771219838314,0.1875
'1000011',0.12406666666666666,0.0028110891523077343,0.25
'0011110',0.12353333333333334,0.002868603996526684,0.3125
'1100001',0.13066666666666668,0.00116141675934562,0.3125
'0101100',0.12183333333333334,0.00044969125210773047,0.1875
'1110001',0.12593333333333334,0.004374420596553964,0.25
'0001110',0.12366666666666666,0.001189771219838318,0.25
