states,Avg0,SD0,frust0
'1010011',0.24756666666666668,0.0038002923864121603,0.1875
'0101100',0.2529666666666667,0.0009741092797468429,0.1875
'1000011',0.25099999999999995,0.0008524474568362791,0.25
'0111100',0.2484666666666667,0.003975200903378616,0.25
