states,Avg0,SD0,frust0
'1010011',0.5031333333333333,0.0038273866918419595,0.1875
'0101100',0.49686666666666673,0.0038273866918419426,0.1875
