states,flag,Avg0,SD0,frust0
'0110101',0,0.12386666666666668,0.0013597385369580786,0.4375
'0111101',0,0.1250666666666667,0.0008730533902472519,0.4375
'0101101',0,0.11876666666666667,0.0030728199137310726,0.25
'0100101',0,0.12773333333333334,0.001265789169736508,0.25
'1001010',0,0.12636666666666665,0.0016819301082057227,0.4375
'1011010',0,0.1258,0.0018384776310850254,0.25
'1010010',0,0.12890000000000001,0.002070426687102608,0.25
'1000010',0,0.1235,0.0016573070526208088,0.4375
