states,flag,Avg0,SD0,frust0
'1010011',1,0.3322333333333333,0.0057045790574083745,0.1875
'0101100',1,0.3332333333333333,0.0017913371790059325,0.1875
'1011010',1,0.1638666666666667,0.002248456260538668,0.25
'0100101',1,0.17066666666666666,0.004670712531890135,0.25
