states,Avg0,SD0,frust0
'0101100',0.25,0.00434817969576542,0.1875
'1011010',0.25343333333333334,0.0030575952787916185,0.25
'0100101',0.25593333333333335,0.004923639123882061,0.25
'1010011',0.24063333333333334,0.0034198765409814923,0.1875
