states,flag,Avg0,SD0,frust0
'0100101',1,0.23073333333333332,0.004169998667732272,0.25
'1010010',1,0.2685,0.0028855964143772103,0.25
'1011010',1,0.22646666666666668,0.002472964932132186,0.25
'0101101',1,0.2743,0.0017048949136725992,0.25
