states,flag,Avg0,SD0,frust0
'1011010',1,0.11633333333333333,0.0030825674724525064,0.25
'0100101',1,0.11543333333333333,0.0005792715732327583,0.25
'0101101',1,0.24536666666666665,0.001677961726487093,0.25
'1110001',1,0.13653333333333334,0.0028394052585395805,0.25
'1010010',1,0.25046666666666667,0.0020499322482029087,0.25
'0001110',1,0.13586666666666666,0.003332999983331672,0.25
