states,flag,Avg0,SD0,frust0
'0101100',0,0.25456666666666666,0.0010338708279513924,0.1875
'1000011',0,0.24339999999999998,0.002122891110412083,0.25
'0111100',0,0.25053333333333333,0.0021561282171728355,0.25
'1010011',0,0.2515,0.00037416573867739744,0.1875
