states,flag,Avg0,SD0,frust0
'1010011',1,0.15263333333333332,0.0013021349989749814,0.1875
'0001110',1,0.12353333333333334,0.0008339997335464539,0.25
'1011010',1,0.1284,0.0003741657386773875,0.25
'1110001',1,0.12353333333333333,0.0037258854279516272,0.25
'0101100',1,0.15193333333333334,0.0013597385369580677,0.1875
'0000111',1,0.09476666666666667,0.0014884742374510769,0.4375
'0100101',1,0.12883333333333333,0.0037276742823851372,0.25
'1111000',1,0.09636666666666666,0.0013474255287605136,0.4375
