states,flag,Avg0,SD0,frust0
'1010010',1,0.3043,0.002619160170741758,0.25
'0100101',1,0.1944,0.002127596452964386,0.25
'1011010',1,0.19340000000000002,0.002760434748368456,0.25
'0101101',1,0.3079,0.0032383123176535395,0.25
