states,Avg0,SD0,frust0
'1010010',0.24773333333333336,0.0034740306401770315,0.25
'0101101',0.2481,0.003256787783486451,0.25
'0100101',0.25279999999999997,0.005295910371849836,0.25
'1011010',0.2513666666666667,0.004057366414587448,0.25
