states,Avg0,SD0,frust0
'1010011',0.24960000000000002,0.0029810512687081948,0.1875
'0101100',0.24896666666666667,0.0010274023338281758,0.1875
'0111100',0.24893333333333334,0.002192917893786473,0.25
'1000011',0.2525,0.004758851402036695,0.25
