states,flag,Avg0,SD0,frust0
'0101101',1,0.2494333333333333,0.002151485275080652,0.25
'1010010',1,0.2525,0.004789572005931214,0.25
'1110001',1,0.1344,0.002902872140943634,0.25
'0100101',1,0.11006666666666666,0.002315647257727785,0.25
'0001110',1,0.1428,0.002987752778706209,0.25
'1011010',1,0.11080000000000001,0.00253902868567227,0.25
