states,Avg0,SD0,frust0
'0101101',0.2745666666666667,0.004558021013066486,0.25
'1010010',0.264,0.0035109352979892207,0.25
'0100101',0.22890000000000002,0.0012675435561220996,0.25
'1011010',0.23253333333333334,0.003752628708281997,0.25
