states,flag,Avg0,SD0,frust0
'0100101',1,0.2241,0.0004320493798938569,0.25
'1010011',1,0.2789666666666667,0.0019154343864744886,0.1875
'1011010',1,0.2217,0.0015937377450509175,0.25
'0101100',1,0.2752333333333334,0.002200504992546544,0.1875
