states,Avg0,SD0,frust0
'0100100',0.2038333333333333,0.002206555888458055,0.3125
'0101100',0.29530000000000006,0.0027940412786261267,0.1875
'1011011',0.21003333333333332,0.001433720877840439,0.3125
'1010011',0.29083333333333333,0.0006847546194724742,0.1875
