states,flag,Avg0,SD0,frust0
'1010010',1,0.5010333333333333,0.007717224601860165,0.25
'0101101',1,0.4989666666666666,0.007717224601860131,0.25
