states,flag,Avg0,SD0,frust0
'0100101',1,0.20473333333333335,0.0019344824171395778,0.25
'0101100',1,0.2966333333333333,0.005443242497711165,0.1875
'1011010',1,0.20573333333333332,0.003966806720216596,0.25
'1010011',1,0.2929,0.005452216674589019,0.1875
