states,Avg0,SD0,frust0
'1110001',0.13303333333333334,0.0018116904322268196,0.25
'1111001',0.08673333333333333,0.004165199741775763,0.375
'0100101',0.11776666666666667,0.0005906681715556423,0.25
'0000110',0.08556666666666667,0.0009533566430716717,0.375
'0101100',0.16503333333333334,0.003591038228083285,0.1875
'1011010',0.11993333333333334,0.004190730511763103,0.25
'1010011',0.16246666666666668,0.00499355139710763,0.1875
'0001110',0.12946666666666667,0.003046673960603964,0.25
