states,Avg0,SD0,frust0
'1001',0.3265,0.00206074420214317,0.0
'1101',0.16853333333333334,0.0017461067804945116,0.2857142857142857
'0010',0.17113333333333336,0.0023570226039551605,0.2857142857142857
'0110',0.33383333333333337,0.003189914662738726,0.0
