states,flag,Avg0,SD0,frust0
'1001',1,0.5022333333333333,0.0012552113589175333,0.0
'0110',1,0.4977666666666667,0.0012552113589175224,0.0
