states,flag,Avg0,SD0,frust0
'1001',1,0.4956333333333333,0.0038308687729489777,0.0
'0110',1,0.5043666666666667,0.0038308687729489773,0.0
