states,flag,Avg0,SD0,frust0
'1101',1,0.12563333333333332,0.004431954672852847,0.2857142857142857
'0110',1,0.3700666666666666,0.005963406930792346,0.0
'0010',1,0.12683333333333333,0.0010624918300339453,0.2857142857142857
'1001',1,0.3774666666666667,0.00511881062574327,0.0
