states,Avg0,SD0,frust0
'1101',0.12643333333333331,0.0014383632673594284,0.2857142857142857
'0011',0.0926,0.0037264818081760008,0.42857142857142855
'0110',0.28330000000000005,0.003466987164671954,0.0
'0010',0.12660000000000002,0.0023720595832876254,0.2857142857142857
'1001',0.27596666666666664,0.003340991203553563,0.0
'1100',0.0951,0.0019798989873223327,0.42857142857142855
