states,flag,Avg0,SD0,frust0
'1001',1,0.27193333333333336,0.0030879694874715903,0.0
'0010',1,0.2321333333333333,0.003817794593159181,0.2857142857142857
'1101',1,0.22630000000000003,0.0019304576314093714,0.2857142857142857
'0110',1,0.26963333333333334,0.002969100125552437,0.0
