states,flag,Avg0,SD0,frust0
'0110',1,0.32106666666666667,0.0018517259216441462,0.0
'1100',1,0.18813333333333335,0.004994886273869398,0.42857142857142855
'0011',1,0.18563333333333332,0.0010208928554075714,0.42857142857142855
'1001',1,0.30516666666666664,0.003980228915806522,0.0
