states,flag,Avg0,SD0,frust0
'0110',1,0.29273333333333335,0.0036527006751473864,0.0
'1001',1,0.2913,0.001067707825203133,0.0
'0010',1,0.20793333333333333,0.005495048275998633,0.2857142857142857
'1101',1,0.20803333333333332,0.002590152290674988,0.2857142857142857
