states,Avg0,SD0,frust0
'0010',0.19086666666666666,0.0024513035081133567,0.2857142857142857
'1101',0.19036666666666666,0.00464494946749215,0.2857142857142857
'1001',0.31296666666666667,0.002286676384818983,0.0
'0110',0.3058,0.0025508168626278602,0.0
