states,Avg0,SD0,frust0
'1101',0.23016666666666666,0.0030554141381415943,0.2857142857142857
'0010',0.22993333333333332,0.002369716344956833,0.2857142857142857
'1001',0.27263333333333334,0.0030070288030250537,0.0
'0110',0.26726666666666665,0.004234251868853441,0.0
