states,flag,Avg0,SD0,frust0
'1001',1,0.4977333333333333,0.006499914529352582,0.0
'0110',1,0.5022666666666666,0.006499914529352599,0.0
