states,flag,Avg0,SD0,frust0
'0110',1,0.5001,0.005219833969262487,0.0
'1001',1,0.4999,0.0052198339692625054,0.0
