states,flag,Avg0,SD0,frust0
'1001',1,0.31139999999999995,0.0010708252269472876,0.0
'0110',1,0.3121333333333333,0.0008178562764256869,0.0
'1101',1,0.1877333333333333,0.00333699798554862,0.2857142857142857
'0010',1,0.18873333333333334,0.003488393453853636,0.2857142857142857
