states,Avg0,SD0,frust0
'0110',0.5013666666666666,0.007628601153262326,0.0
'1001',0.49863333333333326,0.007628601153262336,0.0
