states,Avg0,SD0,frust0
'1001',0.4955333333333333,0.003960078562632565,0.0
'0110',0.5044666666666666,0.003960078562632587,0.0
