states,flag,Avg0,SD0,frust0
'1001',1,0.49816666666666665,0.0031626290048347725,0.0
'0110',1,0.5018333333333334,0.003162629004834758,0.0
