states,flag,Avg0,SD0,frust0
'1001',1,0.49699999999999994,0.001157583690279015,0.0
'0110',1,0.503,0.0011575836902790325,0.0
