states,flag,Avg0,SD0,frust0
'0110',1,0.35883333333333334,0.0038938698260499306,0.0
'1001',1,0.35166666666666674,0.001798765008430945,0.0
'0010',1,0.14713333333333334,0.002242518425540553,0.2857142857142857
'1101',1,0.14236666666666667,0.0021746008573733508,0.2857142857142857
