states,flag,Avg0,SD0,frust0
'1001',1,0.24373333333333336,0.002033606539022624,0.0
'0010',1,0.2495666666666667,0.006557099629832959,0.2857142857142857
'0110',1,0.2531,0.005263712251507174,0.0
'1101',1,0.2536,0.0026191601707417477,0.2857142857142857
