states,Avg0,SD0,frust0
'1001',0.5026666666666667,0.002123414441151057,0.0
'0110',0.49733333333333335,0.00212341444115108,0.0
