states,flag,Avg0,SD0,frust0
'0110',1,0.2870333333333333,0.005355578607603678,0.0
'1101',1,0.21193333333333333,0.004677843757782234,0.2857142857142857
'1001',1,0.2950333333333333,0.004164399383131039,0.0
'0010',1,0.20600000000000004,0.005568363014986242,0.2857142857142857
