states,flag,Avg0,SD0,frust0
'0110',1,0.5012,0.0016872067646458294,0.0
'1001',1,0.49879999999999997,0.0016872067646458325,0.0
