states,Avg0,SD0,frust0
'0110',0.5031,0.0026242459234353003,0.0
'1001',0.49689999999999995,0.0026242459234352635,0.0
