states,flag,Avg0,SD0,frust0
'1001',1,0.4955333333333334,0.001820866704499685,0.0
'0110',1,0.5044666666666667,0.0018208667044996762,0.0
