states,flag,Avg0,SD0,frust0
'0011',1,0.20593333333333333,0.003266326512902363,0.42857142857142855
'1100',1,0.20363333333333333,0.00449172077889483,0.42857142857142855
'1001',1,0.2965,0.001854723699099134,0.0
'0110',1,0.2939333333333333,0.004590812080183145,0.0
