states,flag,Avg0,SD0,frust0
'0010',1,0.18783333333333332,0.0003858612300930122,0.2857142857142857
'1001',1,0.30743333333333334,0.002531578339472996,0.0
'1101',1,0.1885,0.004243426288586458,0.2857142857142857
'0110',1,0.31623333333333337,0.004956028876249838,0.0
