states,flag,Avg0,SD0,frust0
'0110',1,0.31729999999999997,0.00021602468994693058,0.0
'1001',1,0.31243333333333334,0.00180061717814261,0.0
'0011',1,0.18246666666666667,0.003419876540981492,0.42857142857142855
'1100',1,0.1878,0.0016309506430300148,0.42857142857142855
