states,flag,Avg0,SD0,frust0
'1001',1,0.5050666666666667,0.00464351399504967,0.0
'0110',1,0.4949333333333333,0.004643513995049676,0.0
