states,flag,Avg0,SD0,frust0
'0110',1,0.3141,0.0029698484809835145,0.0
'1001',1,0.31396666666666667,0.0007408703590297581,0.0
'0010',1,0.18530000000000002,0.006903622237637277,0.2857142857142857
'1101',1,0.18663333333333332,0.005095313751107211,0.2857142857142857
