states,Avg0,SD0,frust0
'1001',0.5019666666666666,0.00040276819911982676,0.0
'0110',0.49803333333333333,0.0004027681991198161,0.0
