states,Avg0,SD0,frust0
'1001',0.5035,0.006060253020020427,0.0
'0110',0.4965,0.006060253020020443,0.0
