states,Avg0,SD0,frust0
'1001',0.3145,0.004592022067310525,0.0
'1101',0.18586666666666665,0.003724990678586401,0.2857142857142857
'0010',0.18789999999999998,0.0009626352718795871,0.2857142857142857
'0110',0.3117333333333333,0.00463489182422008,0.0
