"","SNAIL","miR200","Ecadherin","miR34","ZEB","NRF2","KEAP1"
"miR34",0.221881027954564,0.251529310991168,0.169647114155522,-0.0635874606193563,-0.172099682410959,0.0149896089412503,-0.2524425530003
"SNAIL",0.122045555759763,0.253319287124819,0.172099682410959,-0.0622151455835568,-0.170775539476078,0.0174859378692973,-0.251529310991168
"KEAP1",0.221293286560777,0.2524425530003,0.171418070471933,-0.0622175976056576,-0.169647114155522,-0.0820141363771017,-0.24875323261195
"Ecadherin",0.239491583016987,0.230078548142064,0.124352790067076,0.0351828329868901,-0.111701007850076,-0.120306403435681,-0.217650988579926
"miR200",0.0116551716960043,0.0479974929451717,0.0747813804991719,0.0389322954507855,-0.0588834413431365,0.0473792789275023,-0.133965234880656
"ZEB",-0.152674995523751,-0.104561233550011,-0.0826830223757684,-0.0193084220207751,-0.00259150094148413,0.062786041321917,0.116428202559837
"NRF2",-0.221881027954564,-0.251529310991168,-0.169647114155522,0.0635874606193563,0.172099682410959,-0.0149896089412503,0.2524425530003
