"","Ecadherin","SNAIL","miR200","NRF2","KEAP1","ZEB","miR34"
"Ecadherin",0.671627023769881,0.715584203254738,0.208860923968922,-0.433147673233904,-0.200039288424813,-0.712480921145518,-0.703962381281672
"miR200",0.624274515336198,0.334037961708268,0.36310450601292,-0.16898176555537,-0.454394828593566,-0.657836831332272,-0.572654776594685
"SNAIL",0.389125425852432,0.659826419890144,-0.103646155759266,-0.266933870091965,0.107882432608908,-0.412978137624607,-0.575680034687379
"KEAP1",0.333026949426666,0.690956323916973,-0.111992021650004,-0.330864969433647,0.11645804106748,-0.362424824279086,-0.51169914956189
"NRF2",-0.362424824279086,-0.727480253388005,0.107882432608908,0.250340624864359,-0.111992021650004,0.389125425852432,0.545489103899789
"miR34",-0.362424824279086,-0.727480253388005,0.107882432608908,0.250340624864359,-0.111992021650004,0.389125425852432,0.545489103899789
"ZEB",-0.7872769027488,-0.681356169994816,-0.379950179140271,0.362075776972944,0.370728712775947,0.728834449268441,0.801914591668409
