"","Ecadherin","miR34","miR200","SNAIL","NRF2","KEAP1","ZEB"
"Ecadherin",0.497826379969237,0.354493460204257,0.354493460204257,-0.0206529564333893,-0.295145703104752,-0.346444522664012,-0.508206325131791
"miR200",0.472543174698293,0.33441125577468,0.33441125577468,-0.0910077744679671,-0.103426179009935,-0.427153191258551,-0.481866040252758
"SNAIL",0.220748066731991,0.171406313741534,0.171406313741534,-0.116127494221109,-0.0467003190314535,-0.168960013025543,-0.223922381986843
"KEAP1",0.210659379599847,0.165611458992058,0.165611458992058,-0.0145786949425451,-0.142169638769446,-0.161145439574582,-0.21644450356679
"NRF2",-0.21644450356679,-0.168960013025543,-0.168960013025543,0.0155022885613528,0.0447913616158882,0.165611458992058,0.220748066731991
"miR34",-0.21644450356679,-0.168960013025543,-0.168960013025543,0.0155022885613528,0.0447913616158882,0.165611458992058,0.220748066731991
"ZEB",-0.553957296331989,-0.407245325202336,-0.407245325202336,0.120931489877609,0.227406541142461,0.399989089374672,0.463353115307408
