states,Avg0,SD0,frust0,Avg1,SD1,frust1,Avg2,SD2,frust2
'00100',0.19993333333333332,0.004631294515455583,0.3,0.19933333333333336,0.0034257197135135783,0.3,0.22333333333333336,0.0015151090903151273,0.3
'11011',0.20326666666666668,0.0044499687889042756,0.3,0.1997,0.0033346664001066145,0.3,0.22663333333333335,0.0013597385369580803,0.3
'01100',0.29846666666666666,0.0013523641850067298,0.1,0.2993333333333333,0.0079382337806061,0.1,0.2786666666666667,0.004529410067056799,0.1
'10011',0.29833333333333334,0.004856153027059831,0.1,0.30163333333333336,0.0016739839372652947,0.1,0.2713666666666667,0.003249957264676303,0.1
