states,Avg0,SD0,frust0,Avg1,SD1,frust1,Avg2,SD2,frust2
'10101',0.15073333333333336,0.0021312489817527746,0.2,0.0938,0.0007348469228349575,0.2,0.2516,0.0021354156504062582,0.2
'01010',0.15083333333333332,0.002532894698868387,0.2,0.09846666666666666,0.002163844315615664,0.2,0.25193333333333334,0.0017211107524567437,0.2
'11100',0.2622666666666667,0.0037321426672742367,0.2,,,,0.24983333333333335,0.0031647362537114403,0.2
'00011',0.24980000000000002,0.003080043289739069,0.2,,,,0.24663333333333334,0.004644949467492137,0.2
'01110',0.09483333333333333,0.0004988876515698608,0.3,0.13643333333333332,0.001302134998974976,0.3,,,
'10001',0.09153333333333334,0.0019362047641943512,0.3,0.13749999999999998,0.0022464787260659015,0.3,,,
'11101',,,,0.2644666666666667,0.002293953404544721,0.2,,,
'00010',,,,0.2693333333333333,0.002023747898221396,0.2,,,
