states,Avg0,SD0,frust0,Avg1,SD1,frust1,Avg2,SD2,frust2
'10101',0.14753333333333332,0.0012684198393626857,0.2,0.15166666666666664,0.0018208667044996934,0.2,0.1779666666666667,0.0031541859312489567,0.2
'01010',0.1499666666666667,0.0007363574011458159,0.2,0.14756666666666665,0.005099237415753674,0.2,0.17913333333333334,0.0024553795814270525,0.2
'10001',0.09446666666666666,0.0033688111981660367,0.3,0.09323333333333333,0.0018696404883173545,0.3,0.06966666666666667,0.0010780641085864115,0.3
'01110',0.09173333333333333,0.0006847546194724712,0.3,0.09213333333333333,0.0012498888839501798,0.3,0.07226666666666666,0.001960158723731888,0.3
'11101',0.26020000000000004,0.0011343133018115758,0.2,0.25533333333333336,0.0024716166549222213,0.2,,,
'00010',0.2561,0.002654555832275263,0.2,0.26006666666666667,0.0046312945154555795,0.2,,,
'00011',,,,,,,0.25243333333333334,0.0026195843605851398,0.2
'11100',,,,,,,0.24853333333333336,0.0023113247764479762,0.2
