states,flag,Avg0,SD0,frust0,Avg1,SD1,frust1,Avg2,SD2,frust2
'01110',1,0.16553333333333334,0.0018208667044996806,0.1,0.36979999999999996,0.0020928449536456325,0.1,0.10493333333333332,0.001960158723731888,0.1
'10001',1,0.1684,0.0035953673896650233,0.1,0.3639333333333333,0.00441915024511375,0.1,0.10136666666666666,0.0004109609335312656,0.1
'01010',1,0.0946,0.0027276363393971687,0.4,,,,0.14756666666666665,0.0010274023338281636,0.4
'11100',1,0.1381,0.0020116328359486096,0.2,,,,0.1562,0.000927361849549567,0.2
'10101',1,0.09183333333333332,0.002013840995599097,0.4,,,,0.14646666666666666,0.0019669491322575976,0.4
'00110',1,0.10296666666666666,0.005925275427259805,0.3,0.13456666666666667,0.0036527006751473938,0.3,0.09453333333333332,0.0034499597421161657,0.3
'00011',1,0.13986666666666667,0.002397684067780593,0.2,,,,0.15406666666666666,0.005144144459696114,0.2
'11001',1,0.09870000000000001,0.0022905603390146003,0.3,0.1317,0.00037416573867739993,0.3,0.09486666666666665,0.0013912424503139476,0.3
