states,Avg0,SD0,frust0
'00101100111111111000000101',0.11916666666666666,0.002503774927761857,0.08
'11010011000000000111111010',0.11996666666666667,0.0017152907107024792,0.08
'11010011000000000111111011',0.11773333333333334,0.002715797406942489,0.08
'00101100111111111000000001',0.1348,0.0014514360704718106,0.05
'11010011000000000111111111',0.1292,0.0020704266871026003,0.05
'00101100111111111000000100',0.12026666666666667,0.0023156472577277876,0.08
'11010011000000000111111110',0.13,0.0013638181696985841,0.05
'00101100111111111000000000',0.12886666666666668,0.001388844443733305,0.05
