states,flag,Avg0,SD0,frust0
'11010001000000000111110110',1,0.1713,0.0038270963754087404,0.07
'00101110111111111000001001',1,0.17659999999999998,0.004000833246545859,0.07
'00101110111111111000001101',1,0.07666666666666667,0.0030158838763380065,0.1
'11010001000000000111110011',1,0.07876666666666667,0.0037818278943154253,0.1
'11010001000000000111110010',1,0.07913333333333333,0.0018116904322268304,0.1
'00101110111111111000001000',1,0.16893333333333335,0.004795368135561176,0.07
'11010001000000000111110111',1,0.17216666666666666,0.0032826141344293844,0.07
'00101110111111111000001100',1,0.07643333333333333,0.000731816613336673,0.1
