states,flag,Avg0,SD0,frust0
'11010001000000000111110110',1,0.14183333333333334,0.0040077702307171,0.07
'00101110111111111000001100',1,0.1074,0.001630950643030013,0.1
'00101110111111111000001101',1,0.10146666666666666,0.002379542439676635,0.1
'11010001000000000111110011',1,0.11073333333333334,0.0031255221785949426,0.1
'00101110111111111000001001',1,0.14146666666666666,0.0030565049030260418,0.07
'11010001000000000111110111',1,0.14726666666666666,0.002782484900627895,0.07
'00101110111111111000001000',1,0.14880000000000002,0.003150661306244552,0.07
'11010001000000000111110010',1,0.10103333333333335,0.0023098821518760565,0.1
