states,Avg0,SD0,frust0
'00101110111111111000001001',0.16269999999999998,0.003884155849945611,0.07
'11010001000000000111110110',0.16493333333333332,0.0006847546194724683,0.07
'11010001000000000111110011',0.08839999999999999,0.002515286597321797,0.1
'11010001000000000111110111',0.17456666666666668,0.003523571420527129,0.07
'00101110111111111000001101',0.0786,0.002531139400875952,0.1
'11010001000000000111110010',0.0772,0.0015748015748023602,0.1
'00101110111111111000001000',0.16613333333333333,0.0026132142830026252,0.07
'00101110111111111000001100',0.08746666666666668,0.0006548960901462849,0.1
