states,Avg0,SD0,frust0
'00101100111111111000000101',0.11406666666666665,0.001897952112731569,0.08
'00101100111111111000000001',0.1366666666666667,0.0026712460679532203,0.05
'11010011000000000111111011',0.11486666666666667,0.001528252451513023,0.08
'11010011000000000111111110',0.13483333333333333,0.002638602323621772,0.05
'00101100111111111000000100',0.11736666666666666,0.004187547678003865,0.08
'00101100111111111000000000',0.1341,0.005511805511808261,0.05
'11010011000000000111111010',0.11313333333333332,0.0010208928554075736,0.08
'11010011000000000111111111',0.13496666666666665,0.0010077477638554037,0.05
