states,Avg0,SD0,frust0
'11010001000000000111110111',0.13023333333333334,0.0032417416443771266,0.07
'11010001000000000111110010',0.12183333333333334,0.0035424410918022168,0.1
'00101110111111111000001000',0.12379999999999998,0.0016573070526208038,0.07
'00101110111111111000001101',0.12423333333333332,0.004027681991198188,0.1
'11010001000000000111110011',0.12369999999999999,0.004966554808583784,0.1
'00101110111111111000001001',0.1252,0.0038131351929875197,0.07
'11010001000000000111110110',0.12610000000000002,0.0003741657386773999,0.07
'00101110111111111000001100',0.1249,0.0015513435037626784,0.1
