states,Avg0,SD0,frust0
'00101110111111111000001000',0.1754,0.004654030511288038,0.07
'11010001000000000111110111',0.17333333333333334,0.0014974051630144156,0.07
'00101110111111111000001101',0.07596666666666667,0.004767482447674962,0.1
'00101110111111111000001100',0.0737,0.0025468935326524098,0.1
'00101110111111111000001001',0.17146666666666666,0.003022508156408449,0.07
'11010001000000000111110110',0.17376666666666665,0.0016819301082057227,0.07
'11010001000000000111110010',0.07686666666666668,0.001302134998974975,0.1
'11010001000000000111110011',0.0795,0.0022861904265976305,0.1
