states,flag,Avg0,SD0,frust0
'00111110111111111000001001',1,0.15100000000000002,0.004475116385823576,0.08
'11000001000000000111110110',1,0.15206666666666668,0.0023570226039551605,0.08
'00111110111111111000001000',1,0.15156666666666666,0.002577250904010364,0.08
'11000001000000000111110111',1,0.15243333333333334,0.0016048537489614298,0.08
'00111110111111111000001101',1,0.09726666666666667,0.0037703521792473915,0.11
'11000001000000000111110011',1,0.0971,0.0014854853303438097,0.11
'00111110111111111000001100',1,0.09976666666666667,0.0018408935028645396,0.11
'11000001000000000111110010',1,0.0988,0.0013441230102437295,0.11
