states,flag,Avg0,SD0,frust0
'00101110111111111000001101',1,0.06213333333333334,0.0038352169285307573,0.1
'00101110111111111000001001',1,0.13163333333333335,0.002458093208611549,0.07
'11010001000000000111110110',1,0.13123333333333334,0.0033469720976163223,0.07
'11010001000000000111110010',1,0.062266666666666665,0.0025486379804820344,0.1
'11010001000000000111110011',1,0.12076666666666665,0.005484726266845247,0.1
'00101110111111111000001000',1,0.18766666666666665,0.0024143091949642495,0.07
'11010001000000000111110111',1,0.18769999999999998,0.002491318258807304,0.07
'00101110111111111000001100',1,0.1166,0.002688246020487459,0.1
