states,Avg0,SD0,frust0
'11010001000000000111110110',0.16813333333333333,0.0012256517540566833,0.07
'00101110111111111000001000',0.17020000000000002,0.005174939613174245,0.07
'11010001000000000111110111',0.16566666666666666,0.002735365098523822,0.07
'11010001000000000111110011',0.0821,0.0017204650534085237,0.1
'11010001000000000111110010',0.0803,0.001766352173265568,0.1
'00101110111111111000001001',0.167,0.00122474487139159,0.07
'00101110111111111000001101',0.08410000000000001,0.002083266665599963,0.1
'00101110111111111000001100',0.0825,0.0012727922061357827,0.1
