states,flag,Avg0,SD0,frust0
'11010001000000000111110111',1,0.1273,0.0022226110770892926,0.07
'00101110111111111000001001',1,0.1260666666666667,0.0018208667044996847,0.07
'00101110111111111000001000',1,0.12606666666666666,0.0005249338582674562,0.07
'00101110111111111000001100',1,0.1218,0.0015748015748023646,0.1
'11010001000000000111110011',1,0.12863333333333335,0.0038177945931591926,0.1
'11010001000000000111110110',1,0.12563333333333335,0.004309163362984622,0.07
'00101110111111111000001101',1,0.11936666666666666,0.004386595744107529,0.1
'11010001000000000111110010',1,0.12513333333333335,0.0038125523675820614,0.1
