"","GRHL2","OCT4","OVOL2","SNAIL","ZEB","miR145","miR200"
"GRHL2",1,-1,1,-0.297260080738201,-1,1,-1
"OCT4",-1,1,-1,0.2972600807382,1,-1,1
"OVOL2",1,-1,1,-0.297260080738201,-1,1,-1
"SNAIL",-0.297260080738201,0.2972600807382,-0.297260080738201,1,0.2972600807382,-0.297260080738201,0.2972600807382
"ZEB",-1,1,-1,0.2972600807382,1,-1,1
"miR145",1,-1,1,-0.297260080738201,-1,1,-1
"miR200",-1,1,-1,0.2972600807382,1,-1,1
