"Nature","Strength","Type","Node"
"P",0.542545988982738,"DA","miR200,miR200"
"P",0.543132499246668,"TS","miR200,ZEB"
"N",0.542545988982738,"NF","miR200,GRHL2"
"P",0.343425325015334,"DA","ZEB,ZEB"
"N",0.543132499246668,"NF","ZEB,GRHL2"
"P",0.542545988982738,"TS","GRHL2,GRHL2"
