states,flag,Avg0,SD0,frust0,Avg1,SD1,frust1,Avg2,SD2,frust2
'1011010',1,0.2281966666666667,0.0017357867252504118,0.26666666666666666,0.22348,0.0016757684804292025,0.26666666666666666,0.24502666666666664,0.0008595089037093036,0.26666666666666666
'0100101',1,0.22732666666666668,0.0011591471960981602,0.26666666666666666,0.22107666666666667,0.0008935447511021542,0.26666666666666666,0.24647666666666668,0.0016642182015055016,0.26666666666666666
'0101100',1,0.21215333333333333,0.00066664999979166,0.2,,,,0.25363,0.0009188035698668252,0.2
'1010011',1,0.21122,0.00031843366656181087,0.2,,,,0.25486666666666663,0.0014125705488772986,0.2
'0101101',1,0.060206666666666665,0.00047415421776276557,0.26666666666666666,0.2778833333333333,0.0012848173238073932,0.26666666666666666,,,
'1010010',1,0.06089666666666666,0.0005341868170926313,0.26666666666666666,0.27756000000000003,0.001884197441883404,0.26666666666666666,,,
