states,Avg0,SD0,frust0,Avg1,SD1,frust1,Avg2,SD2,frust2
'0100101',0.15254333333333334,0.0014652038159321738,0.26666666666666666,0.1453566666666667,0.0005819698350334773,0.26666666666666666,0.17085666666666666,0.00041104203623905643,0.26666666666666666
'1011010',0.1522433333333333,0.00041555852643025427,0.26666666666666666,0.14618333333333333,0.0006521928821717956,0.26666666666666666,0.17235,0.0011681038766593887,0.26666666666666666
'1110001',0.09394333333333334,0.0007314977025861998,0.26666666666666666,0.09970666666666667,0.0005721499414974627,0.26666666666666666,0.07839999999999998,0.0005499696961348597,0.26666666666666666
'1010010',0.1794133333333333,0.0008411235871671235,0.2,0.18080666666666667,0.00013888444437333406,0.2,0.17270666666666665,0.0003168946547706674,0.2
'0000110',0.07479333333333334,0.0002708423075436252,0.3333333333333333,0.07308333333333333,0.0002713341523329157,0.3333333333333333,0.07811,0.0010927945827098543,0.3333333333333333
'0101101',0.17806333333333332,0.0020953016224135594,0.2,0.18100000000000002,0.0008809464607265723,0.2,0.17012666666666668,0.0012510351269604232,0.2
'0001110',0.09416000000000001,0.00025729360660536876,0.26666666666666666,0.09971999999999999,0.00029223278392404744,0.26666666666666666,0.0787,0.0006138946706615591,0.26666666666666666
'1111001',0.07484,0.0006496665811527228,0.3333333333333333,0.07414333333333332,0.0007593564526770168,0.3333333333333333,0.07875,0.0010807713294988279,0.3333333333333333
